orig_idx,cluster_id,stage,label
0,0,train,1
1,1,valid,0
2,2,valid,0
3,3,test,0
4,4,test,0
5,5,train,0
6,6,valid,0
7,7,valid,1
8,8,train,0
9,9,test,1
10,10,test,0
11,11,train,1
12,12,train,1
13,13,train,1
14,14,train,1
15,8,train,1
16,15,test,0
17,16,train,1
18,8,train,0
19,17,test,0
20,18,train,1
21,19,test,0
22,20,test,0
23,21,test,0
24,22,test,1
25,23,train,1
26,24,test,0
27,25,train,1
28,26,train,1
29,27,train,0
30,28,test,0
31,29,test,0
32,30,train,0
33,31,train,1
34,32,test,0
35,33,test,0
36,34,valid,0
37,35,train,1
38,36,valid,0
39,37,train,1
40,38,train,1
41,39,train,1
42,40,train,0
43,41,valid,0
44,42,train,0
45,43,valid,0
46,44,valid,0
47,45,train,0
48,46,train,1
49,47,train,1
50,8,train,0
51,48,train,0
52,49,valid,0
53,50,train,0
54,51,train,0
55,52,train,0
56,53,valid,0
57,54,train,0
58,55,valid,0
59,56,test,0
60,57,test,0
61,58,valid,1
62,59,test,1
63,60,train,0
64,61,train,0
65,62,train,1
66,63,train,0
67,64,train,0
68,65,train,0
69,66,train,0
70,67,valid,1
71,68,train,0
72,69,train,1
73,70,train,1
74,71,train,0
75,72,valid,0
76,73,train,1
77,74,train,0
78,8,train,1
79,75,train,1
80,76,test,0
81,77,train,0
82,8,train,0
83,78,valid,0
84,79,train,0
85,80,valid,1
86,8,train,0
87,81,train,0
88,82,train,0
89,8,train,0
90,83,test,1
91,84,valid,1
92,8,train,0
93,85,train,1
94,86,train,1
95,87,train,1
96,8,train,0
97,40,train,0
98,88,train,0
99,89,train,0
100,8,train,0
101,90,train,1
102,91,train,1
103,8,train,0
104,8,train,0
105,92,train,0
106,93,train,0
107,94,train,1
108,95,test,1
109,96,train,0
110,8,train,0
111,8,train,0
112,97,train,1
113,98,train,0
114,8,train,0
115,99,test,0
116,100,train,1
117,101,train,0
118,8,train,1
119,102,valid,0
120,8,train,1
121,103,test,0
122,104,valid,0
123,8,train,0
124,105,train,0
125,106,train,0
126,107,valid,0
127,108,train,0
128,109,train,1
129,110,train,0
130,8,train,1
131,111,test,1
132,112,test,1
133,8,train,1
134,113,train,1
135,114,test,0
136,95,test,1
137,115,test,1
138,8,train,1
139,8,train,1
140,116,train,1
141,117,train,0
142,8,train,0
143,118,train,0
144,119,train,0
145,8,train,0
146,120,train,0
147,121,train,0
148,8,train,1
149,122,valid,0
150,123,train,0
151,8,train,1
152,8,train,0
153,124,train,1
154,125,train,0
155,8,train,0
156,126,valid,0
157,127,test,0
158,128,valid,1
159,8,train,1
160,8,train,0
161,129,train,0
162,130,test,1
163,131,valid,1
164,132,train,1
165,133,train,0
166,134,train,0
167,135,train,1
168,136,train,1
169,137,train,0
170,138,train,1
171,8,train,0
172,139,train,0
173,140,train,0
174,141,train,1
175,8,train,1
176,142,train,0
177,8,train,0
178,8,train,1
179,143,valid,0
180,8,train,0
181,8,train,1
182,8,train,0
183,144,test,0
184,145,train,0
185,146,train,0
186,147,test,0
187,148,train,0
188,149,train,0
189,8,train,0
190,150,valid,1
191,151,test,0
192,8,train,0
193,152,train,0
194,153,train,0
195,154,train,1
196,155,train,1
197,8,train,0
198,156,train,0
199,157,valid,1
200,158,train,0
201,8,train,0
202,159,valid,0
203,8,train,1
204,160,test,1
205,161,train,1
206,8,train,1
207,162,train,1
208,163,train,1
209,164,train,1
210,8,train,0
211,165,train,1
212,166,valid,0
213,8,train,1
214,167,train,0
215,168,train,1
216,8,train,1
217,169,test,0
218,170,train,0
219,171,train,1
220,172,train,1
221,173,train,1
222,174,train,0
223,175,valid,0
224,8,train,1
225,176,train,0
226,177,train,1
227,178,train,0
228,179,train,0
229,180,train,1
230,181,train,0
231,8,train,1
232,182,train,0
233,183,test,0
234,184,train,0
235,185,valid,1
236,8,train,0
237,8,train,0
238,186,valid,0
239,187,train,1
240,188,test,1
241,189,train,1
242,8,train,0
243,8,train,0
244,190,train,1
245,8,train,0
246,8,train,0
247,191,train,0
248,192,train,0
249,193,train,1
250,8,train,1
251,194,train,0
252,195,test,0
253,196,train,0
254,197,train,0
255,8,train,0
256,198,train,0
257,199,train,0
258,8,train,0
259,8,train,1
260,200,train,1
261,201,train,0
262,202,train,1
263,24,test,0
264,203,train,0
265,204,train,0
266,205,train,0
267,8,train,1
268,206,valid,1
269,207,valid,0
270,208,train,1
271,209,valid,1
272,8,train,0
273,210,test,1
274,211,test,0
275,8,train,1
276,212,train,1
277,213,train,0
278,214,train,1
279,215,train,0
280,216,train,0
281,217,train,0
282,218,train,1
283,219,train,0
284,220,train,0
285,8,train,0
286,221,train,1
287,8,train,0
288,222,train,1
289,223,train,0
290,224,valid,1
291,225,train,1
292,226,train,0
293,227,train,0
294,228,train,1
295,8,train,1
296,229,train,0
297,230,train,0
298,231,train,0
299,232,train,1
300,233,train,0
301,8,train,1
302,8,train,1
303,234,train,1
304,235,test,0
305,8,train,1
306,236,train,1
307,8,train,0
308,237,train,1
309,238,valid,0
310,238,valid,0
311,239,test,0
312,8,train,0
313,8,train,1
314,240,train,1
315,241,train,1
316,8,train,0
317,8,train,0
318,242,train,1
319,243,train,1
320,244,train,1
321,245,train,1
322,246,train,0
323,209,valid,1
324,247,train,0
325,248,train,1
326,8,train,0
327,249,train,0
328,250,valid,0
329,209,valid,0
330,251,train,0
331,252,train,0
332,8,train,0
333,253,train,1
334,8,train,0
335,254,train,0
336,255,train,0
337,256,train,1
338,219,train,1
339,257,train,1
340,78,valid,0
341,8,train,0
342,258,train,1
343,8,train,1
344,221,train,0
345,259,train,1
346,260,train,0
347,261,train,0
348,262,valid,0
349,263,train,0
350,8,train,0
351,264,train,1
352,265,train,1
353,266,train,0
354,267,train,1
355,268,train,0
356,269,train,1
357,270,train,0
358,271,valid,0
359,272,train,0
360,273,test,0
361,8,train,0
362,274,valid,1
363,275,train,0
364,276,test,1
365,277,train,1
366,278,test,1
367,8,train,0
368,262,valid,0
369,279,train,0
370,280,train,1
371,8,train,0
372,8,train,0
373,170,train,0
374,281,train,0
375,282,train,0
376,283,train,1
377,284,train,0
378,285,train,1
379,286,valid,0
380,287,train,1
381,288,valid,0
382,289,train,0
383,290,train,1
384,291,train,1
385,8,train,0
386,292,valid,1
387,293,train,0
388,294,train,0
389,295,train,0
390,8,train,0
391,296,train,1
392,297,valid,0
393,298,test,0
394,299,train,1
395,300,train,1
396,8,train,1
397,301,train,1
398,8,train,1
399,302,train,1
400,303,train,0
401,304,test,0
402,305,train,1
403,306,train,1
404,8,train,0
405,307,train,1
406,308,train,0
407,309,train,0
408,310,train,1
409,311,test,1
410,312,train,1
411,313,valid,1
412,314,train,1
413,315,train,0
414,316,train,0
415,317,train,0
416,318,train,1
417,98,train,0
418,8,train,0
419,319,train,1
420,320,train,1
421,321,train,0
422,288,valid,0
423,8,train,0
424,322,train,0
425,323,train,0
426,324,train,1
427,325,valid,1
428,8,train,0
429,326,valid,0
430,8,train,0
431,8,train,1
432,8,train,1
433,327,test,1
434,328,test,1
435,329,train,1
436,330,test,0
437,331,train,0
438,42,train,0
439,8,train,1
440,332,train,0
441,333,train,0
442,334,train,0
443,8,train,0
444,335,train,0
445,8,train,1
446,336,test,1
447,337,train,1
448,8,train,1
449,338,train,0
450,339,train,0
451,340,train,0
452,341,test,1
453,342,train,0
454,343,train,0
455,344,train,0
456,345,valid,1
457,8,train,1
458,346,train,1
459,8,train,1
460,347,train,1
461,348,valid,0
462,349,test,1
463,350,test,0
464,351,train,0
465,352,train,0
466,8,train,1
467,353,valid,1
468,354,train,1
469,355,train,1
470,8,train,0
471,8,train,0
472,356,train,0
473,357,train,0
474,358,train,1
475,359,train,0
476,360,train,1
477,8,train,1
478,361,train,0
479,362,train,1
480,8,train,0
481,363,train,0
482,364,train,1
483,8,train,0
484,365,train,0
485,366,test,0
486,8,train,1
487,367,test,0
488,368,train,1
489,369,train,0
490,370,train,1
491,8,train,0
492,371,valid,0
493,372,train,1
494,373,train,0
495,374,train,1
496,375,train,0
497,376,train,1
498,377,train,1
499,378,train,1
500,8,train,0
501,379,train,0
502,8,train,0
503,288,valid,0
504,8,train,1
505,380,valid,0
506,8,train,0
507,381,test,0
508,382,train,1
509,8,train,0
510,383,train,1
511,8,train,0
512,8,train,0
513,384,valid,1
514,385,test,1
515,131,valid,1
516,367,test,1
517,8,train,0
518,386,train,0
519,387,train,0
520,388,train,0
521,389,train,0
522,390,train,0
523,391,train,1
524,8,train,0
525,341,test,1
526,392,train,0
527,8,train,0
528,8,train,0
529,115,test,1
530,393,train,1
531,394,train,1
532,395,train,1
533,396,valid,1
534,397,train,1
535,398,train,0
536,399,train,1
537,8,train,0
538,400,train,0
539,401,test,0
540,8,train,1
541,402,valid,0
542,403,train,1
543,404,train,1
544,405,valid,0
545,354,train,0
546,406,train,0
547,407,train,1
548,8,train,0
549,408,train,1
550,286,valid,1
551,409,train,1
552,8,train,0
553,410,train,0
554,147,test,1
555,8,train,0
556,411,valid,0
557,8,train,0
558,31,train,1
559,8,train,1
560,412,train,1
561,115,test,1
562,413,train,0
563,8,train,1
564,414,train,1
565,415,train,1
566,416,train,0
567,417,train,1
568,418,train,0
569,8,train,0
570,419,test,0
571,420,train,1
572,421,train,0
573,422,train,0
574,423,train,0
575,424,train,1
576,425,train,0
577,426,test,1
578,8,train,0
579,427,train,1
580,242,train,1
581,428,train,0
582,429,train,1
583,430,train,0
584,209,valid,1
585,431,valid,1
586,432,train,0
587,8,train,1
588,8,train,0
589,433,train,1
590,434,test,1
591,435,train,0
592,436,valid,0
593,8,train,1
594,437,train,1
595,438,train,0
596,8,train,1
597,8,train,1
598,439,train,0
599,440,train,0
600,8,train,1
601,441,train,1
602,442,test,0
603,443,valid,1
604,444,train,0
605,445,train,1
606,446,train,1
607,8,train,0
608,447,train,0
609,448,train,0
610,449,train,1
611,450,train,0
612,451,train,0
613,452,test,0
614,8,train,0
615,8,train,0
616,453,train,0
617,8,train,0
618,8,train,0
619,454,train,1
620,8,train,0
621,455,train,1
622,456,train,0
623,457,train,0
624,458,valid,1
625,459,train,0
626,460,train,0
627,461,train,0
628,462,test,1
629,463,valid,1
630,8,train,1
631,464,train,0
632,465,train,1
633,209,valid,0
634,466,train,0
635,467,valid,1
636,468,test,1
637,469,valid,0
638,8,train,1
639,8,train,1
640,470,train,0
641,8,train,0
642,8,train,1
643,471,train,1
644,472,test,0
645,473,train,1
646,474,train,1
647,475,train,0
648,476,train,0
649,477,train,1
650,478,train,0
651,479,train,0
652,480,train,0
653,481,train,1
654,425,train,0
655,482,train,1
656,483,train,0
657,484,train,0
658,485,train,0
659,8,train,1
660,486,train,1
661,487,train,1
662,8,train,0
663,488,train,1
664,489,train,1
665,173,train,0
666,490,train,0
667,8,train,0
668,491,valid,0
669,8,train,0
670,492,train,0
671,493,train,1
672,494,test,0
673,495,train,1
674,496,test,0
675,150,valid,0
676,497,train,0
677,498,train,0
678,499,valid,1
679,209,valid,1
680,500,test,1
681,501,train,0
682,502,train,1
683,503,train,0
684,8,train,0
685,316,train,0
686,504,train,1
687,8,train,0
688,505,train,1
689,366,test,0
690,230,train,0
691,506,test,1
692,507,train,1
693,8,train,0
694,508,train,0
695,8,train,0
696,509,train,0
697,510,train,1
698,8,train,0
699,511,train,1
700,512,test,0
701,513,train,0
702,514,train,1
703,515,train,1
704,366,test,1
705,8,train,1
706,5,train,1
707,516,train,0
708,8,train,0
709,517,train,0
710,518,train,1
711,519,train,0
712,520,train,1
713,521,train,1
714,522,train,0
715,523,train,1
716,524,train,1
717,525,valid,0
718,8,train,0
719,526,valid,1
720,527,test,0
721,528,valid,1
722,8,train,0
723,8,train,0
724,529,train,1
725,530,train,0
726,8,train,1
727,531,train,0
728,532,train,0
729,533,train,1
730,534,train,1
731,535,train,0
732,536,train,0
733,537,train,0
734,538,train,1
735,539,train,0
736,540,train,0
737,541,train,1
738,542,train,0
739,543,train,1
740,544,train,1
741,8,train,0
742,545,valid,0
743,546,train,1
744,547,train,0
745,548,train,1
746,8,train,1
747,549,test,1
748,550,test,0
749,8,train,1
750,8,train,1
751,551,valid,1
752,552,train,1
753,553,train,1
754,554,train,0
755,555,valid,0
756,556,test,1
757,49,valid,0
758,557,test,0
759,558,train,0
760,8,train,0
761,559,train,0
762,8,train,1
763,560,train,1
764,8,train,0
765,561,train,0
766,562,train,0
767,563,train,0
768,564,train,0
769,565,train,1
770,566,valid,1
771,8,train,0
772,8,train,0
773,8,train,1
774,567,train,0
775,568,train,0
776,366,test,0
777,569,train,0
778,570,train,1
779,571,train,1
780,262,valid,0
781,166,valid,0
782,8,train,1
783,572,train,0
784,573,train,1
785,574,train,1
786,8,train,1
787,575,valid,0
788,576,test,1
789,577,test,0
790,578,train,0
791,579,train,0
792,336,test,0
793,285,train,0
794,150,valid,0
795,8,train,1
796,580,train,1
797,581,train,0
798,582,train,0
799,8,train,0
800,583,train,1
801,8,train,0
802,584,train,1
803,585,train,1
804,586,valid,0
805,587,valid,1
806,8,train,0
807,333,train,1
808,588,valid,1
809,589,train,1
810,8,train,0
811,590,train,1
812,8,train,1
813,591,train,0
814,8,train,0
815,592,train,0
816,8,train,1
817,593,train,0
818,594,test,0
819,595,test,1
820,8,train,1
821,8,train,0
822,8,train,0
823,596,train,0
824,8,train,0
825,597,train,1
826,598,train,0
827,599,train,0
828,600,train,0
829,601,train,1
830,602,train,0
831,603,train,0
832,171,train,1
833,604,test,1
834,605,train,0
835,606,train,1
836,607,train,1
837,8,train,0
838,608,train,1
839,609,train,1
840,8,train,0
841,610,train,0
842,611,train,0
843,612,train,1
844,613,valid,0
845,614,train,0
846,615,train,0
847,616,valid,0
848,209,valid,0
849,617,train,1
850,618,train,0
851,619,test,0
852,620,train,1
853,8,train,0
854,8,train,0
855,621,train,1
856,622,train,1
857,623,train,0
858,624,train,1
859,625,train,0
860,626,train,1
861,438,train,1
862,627,train,0
863,628,train,0
864,629,train,0
865,630,train,0
866,631,valid,1
867,632,train,0
868,633,valid,0
869,8,train,0
870,634,train,1
871,635,train,1
872,8,train,0
873,114,test,1
874,636,train,0
875,637,test,1
876,638,train,1
877,639,test,0
878,8,train,0
879,8,train,1
880,640,train,0
881,8,train,0
882,8,train,0
883,641,train,1
884,8,train,0
885,642,train,1
886,643,train,0
887,644,train,1
888,645,train,0
889,8,train,0
890,646,train,0
891,8,train,0
892,647,train,1
893,648,train,1
894,649,train,1
895,8,train,0
896,650,test,0
897,651,train,0
898,652,train,1
899,653,train,1
900,654,train,0
901,655,train,1
902,656,train,1
903,657,train,0
904,658,train,0
905,659,train,1
906,660,train,0
907,8,train,1
908,661,train,1
909,8,train,0
910,8,train,0
911,662,train,0
912,367,test,0
913,663,train,1
914,664,valid,1
915,665,train,0
916,666,valid,0
917,667,train,0
918,668,test,0
919,669,train,0
920,670,train,0
921,671,train,0
922,8,train,0
923,672,train,1
924,673,valid,1
925,674,test,1
926,675,train,0
927,8,train,1
928,8,train,1
929,8,train,0
930,676,train,0
931,677,train,0
932,8,train,0
933,678,train,0
934,679,train,1
935,680,train,1
936,681,train,1
937,147,test,1
938,682,train,1
939,683,train,0
940,684,valid,0
941,577,test,1
942,685,valid,1
943,686,test,0
944,8,train,0
945,687,train,0
946,8,train,0
947,688,test,1
948,593,train,1
949,689,train,1
950,690,train,0
951,8,train,1
952,691,train,1
953,692,train,1
954,693,train,0
955,694,train,0
956,387,train,0
957,695,train,0
958,696,train,1
959,697,train,1
960,698,train,1
961,699,train,1
962,700,train,0
963,701,train,1
964,515,train,0
965,702,train,0
966,703,train,1
967,704,train,0
968,8,train,0
969,705,train,1
970,706,train,0
971,707,train,0
972,8,train,0
973,708,train,1
974,709,train,0
975,8,train,0
976,8,train,0
977,710,train,0
978,711,train,1
979,712,test,0
980,713,train,1
981,714,train,0
982,715,train,1
983,8,train,1
984,716,train,0
985,717,valid,0
986,718,train,1
987,719,train,0
988,8,train,0
989,8,train,0
990,720,train,1
991,721,test,0
992,722,train,1
993,723,valid,0
994,724,test,0
995,725,train,1
996,8,train,0
997,726,train,0
998,727,train,0
999,728,train,0
1000,729,train,1
1001,730,train,0
1002,731,train,0
1003,732,train,1
1004,8,train,0
1005,733,train,0
1006,8,train,1
1007,734,train,0
1008,8,train,1
1009,735,train,0
1010,736,train,0
1011,737,train,0
1012,738,valid,0
1013,739,train,0
1014,8,train,0
1015,740,train,1
1016,741,test,0
1017,742,train,0
1018,743,train,0
1019,744,train,1
1020,745,train,0
1021,746,train,0
1022,747,train,0
1023,748,train,0
1024,749,valid,1
1025,750,train,0
1026,201,train,1
1027,751,test,1
1028,752,train,0
1029,753,valid,1
1030,8,train,0
1031,754,valid,0
1032,8,train,1
1033,8,train,0
1034,755,train,1
1035,8,train,0
1036,756,train,0
1037,757,test,0
1038,8,train,0
1039,353,valid,0
1040,758,test,1
1041,759,train,1
1042,760,train,0
1043,8,train,1
1044,761,train,1
1045,762,train,0
1046,49,valid,0
1047,8,train,0
1048,8,train,0
1049,763,train,0
1050,8,train,0
1051,764,train,0
1052,765,train,1
1053,766,train,0
1054,767,train,0
1055,250,valid,1
1056,768,train,0
1057,769,train,1
1058,770,train,1
1059,771,train,0
1060,772,train,1
1061,8,train,0
1062,8,train,0
1063,250,valid,1
1064,8,train,0
1065,773,train,1
1066,250,valid,0
1067,774,train,0
1068,8,train,0
1069,775,train,1
1070,776,train,1
1071,777,train,0
1072,778,train,1
1073,779,train,1
1074,8,train,0
1075,780,train,0
1076,8,train,0
1077,781,valid,0
1078,782,train,1
1079,783,test,0
1080,331,train,1
1081,784,train,1
1082,785,train,0
1083,786,train,0
1084,566,valid,1
1085,787,train,0
1086,788,valid,0
1087,789,train,0
1088,131,valid,1
1089,8,train,0
1090,790,valid,1
1091,791,train,1
1092,792,train,0
1093,8,train,0
1094,341,test,0
1095,8,train,0
1096,793,train,0
1097,794,test,0
1098,795,train,1
1099,8,train,0
1100,796,test,1
1101,8,train,0
1102,797,valid,0
1103,8,train,0
1104,798,test,1
1105,799,test,0
1106,800,train,1
1107,337,train,0
1108,801,train,1
1109,802,train,1
1110,104,valid,0
1111,8,train,0
1112,803,train,0
1113,804,train,0
1114,8,train,0
1115,805,train,1
1116,806,train,0
1117,807,train,0
1118,808,train,0
1119,809,train,0
1120,810,train,1
1121,8,train,1
1122,811,train,1
1123,812,train,1
1124,813,train,0
1125,814,train,1
1126,815,train,1
1127,8,train,1
1128,8,train,1
1129,816,train,1
1130,8,train,0
1131,817,train,0
1132,818,train,0
1133,819,test,0
1134,820,train,0
1135,8,train,1
1136,288,valid,0
1137,821,train,0
1138,822,train,0
1139,823,valid,1
1140,824,valid,0
1141,825,train,0
1142,826,train,0
1143,827,train,0
1144,8,train,1
1145,828,test,0
1146,8,train,0
1147,829,train,0
1148,830,train,0
1149,8,train,0
1150,831,valid,1
1151,832,train,0
1152,833,valid,0
1153,834,test,1
1154,835,train,0
1155,836,train,1
1156,837,train,0
1157,838,train,1
1158,839,train,0
1159,840,valid,0
1160,841,train,0
1161,8,train,0
1162,99,test,0
1163,842,valid,1
1164,843,train,1
1165,844,test,0
1166,845,train,0
1167,8,train,0
1168,8,train,0
1169,846,train,0
1170,426,test,1
1171,847,train,0
1172,848,test,1
1173,463,valid,0
1174,849,train,1
1175,8,train,0
1176,850,train,0
1177,851,train,0
1178,852,train,1
1179,853,train,0
1180,854,train,1
1181,8,train,1
1182,8,train,0
1183,855,train,0
1184,856,train,0
1185,857,train,1
1186,858,train,1
1187,859,train,0
1188,8,train,0
1189,860,train,1
1190,861,train,0
1191,862,valid,0
1192,863,train,1
1193,864,train,1
1194,865,train,0
1195,866,train,1
1196,867,train,0
1197,8,train,0
1198,868,train,1
1199,869,train,1
1200,870,train,1
1201,8,train,0
1202,8,train,1
1203,494,test,0
1204,871,train,1
1205,872,train,0
1206,873,train,1
1207,874,train,0
1208,875,train,0
1209,876,test,1
1210,877,train,0
1211,878,train,0
1212,879,train,1
1213,8,train,0
1214,151,test,1
1215,880,train,1
1216,881,train,0
1217,882,test,0
1218,883,train,1
1219,884,train,0
1220,885,train,1
1221,115,test,1
1222,886,train,1
1223,413,train,0
1224,8,train,1
1225,887,train,0
1226,888,train,0
1227,390,train,0
1228,889,train,0
1229,112,test,1
1230,890,train,0
1231,891,train,0
1232,892,train,0
1233,8,train,1
1234,893,train,1
1235,894,train,0
1236,895,train,0
1237,896,valid,1
1238,8,train,0
1239,897,test,1
1240,898,valid,0
1241,899,test,0
1242,613,valid,1
1243,107,valid,0
1244,8,train,0
1245,900,train,1
1246,901,train,0
1247,614,train,0
1248,238,valid,0
1249,711,train,1
1250,902,train,1
1251,903,train,1
1252,904,train,0
1253,905,train,1
1254,906,train,0
1255,261,train,0
1256,8,train,0
1257,907,train,0
1258,8,train,0
1259,908,train,0
1260,909,train,0
1261,910,train,0
1262,911,valid,0
1263,93,train,0
1264,577,test,1
1265,912,valid,1
1266,913,test,0
1267,8,train,1
1268,914,test,1
1269,915,valid,1
1270,916,train,0
1271,917,train,0
1272,918,train,1
1273,919,train,0
1274,920,valid,1
1275,921,train,0
1276,922,valid,0
1277,923,train,1
1278,924,train,0
1279,925,train,1
1280,926,train,1
1281,927,train,1
1282,755,train,0
1283,928,train,1
1284,929,train,0
1285,930,valid,0
1286,8,train,0
1287,931,train,1
1288,8,train,0
1289,366,test,1
1290,932,train,0
1291,8,train,1
1292,933,train,0
1293,8,train,0
1294,934,train,1
1295,935,train,0
1296,8,train,0
1297,936,train,1
1298,937,train,0
1299,938,train,1
1300,939,train,0
1301,940,valid,0
1302,941,test,0
1303,942,train,0
1304,943,valid,1
1305,944,train,0
1306,945,train,0
1307,8,train,1
1308,946,test,1
1309,947,train,1
1310,948,train,0
1311,949,train,1
1312,950,train,0
1313,951,train,0
1314,952,test,0
1315,953,train,0
1316,954,valid,0
1317,8,train,0
1318,955,test,0
1319,956,train,1
1320,426,test,1
1321,8,train,1
1322,8,train,0
1323,957,train,0
1324,958,train,1
1325,959,train,0
1326,960,train,0
1327,8,train,1
1328,961,train,0
1329,8,train,0
1330,962,train,0
1331,963,train,1
1332,333,train,0
1333,964,train,0
1334,8,train,0
1335,8,train,1
1336,965,train,0
1337,966,train,0
1338,967,train,0
1339,968,valid,1
1340,969,train,0
1341,970,valid,0
1342,971,test,1
1343,972,train,1
1344,973,test,0
1345,974,train,0
1346,975,train,0
1347,8,train,1
1348,8,train,0
1349,337,train,0
1350,8,train,0
1351,976,train,0
1352,8,train,1
1353,977,train,0
1354,978,train,0
1355,8,train,0
1356,413,train,0
1357,592,train,1
1358,8,train,0
1359,979,train,0
1360,980,train,1
1361,981,train,0
1362,8,train,1
1363,982,valid,1
1364,983,valid,0
1365,704,train,0
1366,984,test,1
1367,985,test,0
1368,986,train,0
1369,8,train,0
1370,987,train,0
1371,8,train,0
1372,8,train,0
1373,988,train,0
1374,989,train,0
1375,8,train,0
1376,990,train,0
1377,763,train,1
1378,991,train,0
1379,992,valid,0
1380,993,test,1
1381,994,train,1
1382,995,train,0
1383,996,train,1
1384,997,valid,0
1385,998,train,1
1386,999,train,0
1387,1000,test,0
1388,1001,train,1
1389,4,test,0
1390,1002,train,0
1391,1003,test,0
1392,1004,train,0
1393,1005,valid,1
1394,8,train,0
1395,1006,test,1
1396,1007,train,0
1397,1008,train,0
1398,1009,train,1
1399,1010,train,0
1400,1011,train,1
1401,1012,train,0
1402,42,train,0
1403,1013,train,1
1404,1014,train,0
1405,1015,train,1
1406,1016,train,1
1407,387,train,1
1408,566,valid,0
1409,1017,train,1
1410,1018,valid,0
1411,8,train,0
1412,8,train,0
1413,1019,train,0
1414,1020,train,1
1415,1021,test,0
1416,1022,train,0
1417,1023,train,0
1418,1024,train,0
1419,1025,train,0
1420,1026,train,1
1421,1027,train,1
1422,989,train,1
1423,1028,train,1
1424,1029,train,0
1425,1030,train,1
1426,8,train,1
1427,1031,train,0
1428,1032,train,0
1429,1033,train,0
1430,8,train,0
1431,1034,train,0
1432,1035,train,0
1433,1036,train,1
1434,1037,train,0
1435,1038,train,0
1436,1039,train,0
1437,1040,train,0
1438,1041,train,1
1439,1042,valid,0
1440,1043,train,1
1441,1044,test,0
1442,1045,train,0
1443,1046,train,1
1444,1047,valid,1
1445,1048,train,0
1446,1049,valid,1
1447,1050,train,0
1448,147,test,0
1449,8,train,1
1450,1051,test,1
1451,744,train,0
1452,1052,train,0
1453,1053,train,0
1454,1054,train,0
1455,1055,valid,1
1456,353,valid,1
1457,1056,train,0
1458,250,valid,0
1459,1057,valid,0
1460,1058,train,1
1461,1059,test,0
1462,288,valid,0
1463,1060,valid,1
1464,1061,test,1
1465,1062,train,1
1466,8,train,0
1467,8,train,0
1468,1063,test,1
1469,1064,train,1
1470,1065,train,0
1471,8,train,0
1472,1066,train,1
1473,664,valid,0
1474,1067,train,0
1475,1068,train,0
1476,288,valid,0
1477,288,valid,0
1478,1069,train,1
1479,8,train,0
1480,1070,train,1
1481,8,train,1
1482,1071,train,1
1483,1072,train,0
1484,1073,train,1
1485,1074,train,0
1486,1075,train,1
1487,1076,train,0
1488,8,train,0
1489,8,train,0
1490,8,train,0
1491,8,train,0
1492,1077,train,0
1493,8,train,1
1494,1078,train,1
1495,1079,train,1
1496,8,train,0
1497,1080,train,1
1498,1081,train,0
1499,1082,train,0
1500,1083,train,0
1501,1084,train,0
1502,8,train,1
1503,288,valid,0
1504,8,train,1
1505,8,train,1
1506,1085,train,1
1507,8,train,1
1508,1086,train,0
1509,1087,test,0
1510,1088,train,1
1511,1089,train,0
1512,1022,train,0
1513,1090,train,1
1514,1091,train,0
1515,235,test,0
1516,1092,train,1
1517,1093,train,0
1518,1094,train,1
1519,8,train,1
1520,1095,train,0
1521,1096,valid,0
1522,614,train,1
1523,8,train,0
1524,1097,train,1
1525,1098,test,0
1526,1099,train,0
1527,1100,train,1
1528,8,train,0
1529,1101,train,1
1530,1102,train,0
1531,1103,train,1
1532,1104,train,1
1533,8,train,0
1534,8,train,0
1535,1105,train,0
1536,8,train,0
1537,1106,train,0
1538,1107,valid,1
1539,1108,train,1
1540,1109,train,0
1541,1110,test,1
1542,8,train,0
1543,1111,train,1
1544,1112,train,0
1545,1113,train,1
1546,1114,train,1
1547,8,train,1
1548,1115,train,1
1549,1116,train,1
1550,359,train,1
1551,1117,train,1
1552,8,train,1
1553,1118,train,1
1554,8,train,0
1555,1119,train,1
1556,920,valid,1
1557,526,valid,1
1558,1120,train,1
1559,158,train,1
1560,1121,train,1
1561,278,test,0
1562,1122,train,0
1563,1123,train,0
1564,1124,train,1
1565,8,train,0
1566,1125,train,0
1567,8,train,1
1568,1126,train,1
1569,1127,train,0
1570,8,train,1
1571,1128,test,1
1572,147,test,1
1573,1129,train,1
1574,8,train,1
1575,288,valid,0
1576,1130,train,0
1577,246,train,0
1578,1131,train,1
1579,1132,train,0
1580,493,train,1
1581,1133,train,1
1582,8,train,0
1583,112,test,0
1584,8,train,0
1585,1134,train,0
1586,1135,valid,0
1587,8,train,1
1588,8,train,0
1589,1136,test,0
1590,1137,train,1
1591,740,train,0
1592,630,train,1
1593,1138,train,0
1594,1139,train,0
1595,8,train,0
1596,1140,train,1
1597,1141,train,1
1598,8,train,0
1599,1142,train,1
1600,1143,train,1
1601,1144,train,0
1602,1145,train,0
1603,930,valid,0
1604,1146,train,0
1605,166,valid,0
1606,1147,train,0
1607,1148,train,1
1608,8,train,1
1609,1149,train,1
1610,8,train,0
1611,1150,train,1
1612,8,train,1
1613,1151,train,0
1614,1152,train,1
1615,1153,train,0
1616,1154,train,1
1617,8,train,0
1618,91,train,0
1619,1155,train,0
1620,1156,train,0
1621,191,train,1
1622,1157,train,1
1623,1158,train,0
1624,8,train,0
1625,1159,train,0
1626,8,train,0
1627,1160,valid,0
1628,8,train,0
1629,1161,train,0
1630,8,train,0
1631,2,valid,0
1632,1162,valid,1
1633,8,train,0
1634,74,train,0
1635,1163,test,1
1636,1164,train,1
1637,1165,train,0
1638,1166,train,1
1639,1167,train,1
1640,438,train,0
1641,8,train,1
1642,8,train,0
1643,8,train,1
1644,1168,train,1
1645,1169,train,0
1646,1170,train,1
1647,1171,valid,0
1648,8,train,0
1649,1172,train,0
1650,305,train,1
1651,286,valid,1
1652,1173,train,1
1653,1174,train,0
1654,1175,train,1
1655,1176,test,0
1656,1177,train,0
1657,1178,train,0
1658,1179,train,1
1659,1180,train,0
1660,1181,train,0
1661,8,train,1
1662,1182,train,1
1663,1183,train,0
1664,744,train,1
1665,1184,train,1
1666,1185,train,0
1667,1186,train,0
1668,1187,train,0
1669,1188,train,0
1670,1189,train,0
1671,1190,train,0
1672,1191,train,0
1673,1192,train,0
1674,8,train,0
1675,1193,train,1
1676,1194,valid,0
1677,98,train,1
1678,8,train,1
1679,8,train,0
1680,1195,valid,1
1681,67,valid,1
1682,1196,train,1
1683,49,valid,0
1684,1197,train,1
1685,1198,test,0
1686,1199,train,0
1687,227,train,0
1688,1200,train,0
1689,8,train,0
1690,8,train,0
1691,1201,test,1
1692,1024,train,0
1693,1202,train,1
1694,8,train,0
1695,8,train,0
1696,8,train,0
1697,8,train,1
1698,1203,train,1
1699,1204,train,0
1700,1205,train,0
1701,8,train,0
1702,1206,train,0
1703,1207,valid,0
1704,1208,test,0
1705,1209,train,0
1706,8,train,0
1707,1210,valid,0
1708,915,valid,0
1709,443,valid,1
1710,8,train,0
1711,1211,test,0
1712,1212,train,0
1713,8,train,1
1714,1213,train,0
1715,1214,train,0
1716,1215,train,0
1717,566,valid,0
1718,1216,valid,1
1719,8,train,0
1720,1217,train,0
1721,452,test,0
1722,8,train,1
1723,1123,train,0
1724,761,train,1
1725,8,train,1
1726,1218,train,0
1727,1219,valid,0
1728,550,test,0
1729,1220,train,0
1730,1221,train,0
1731,1222,train,0
1732,1223,train,0
1733,122,valid,0
1734,1063,test,0
1735,1224,test,1
1736,1225,test,0
1737,1226,train,1
1738,1227,train,1
1739,8,train,0
1740,1228,train,1
1741,1229,train,0
1742,696,train,0
1743,1230,train,0
1744,8,train,0
1745,1231,train,0
1746,1232,valid,1
1747,1233,train,0
1748,1234,train,1
1749,8,train,1
1750,1235,train,0
1751,8,train,0
1752,577,test,0
1753,1236,train,0
1754,8,train,0
1755,1237,train,1
1756,1238,train,1
1757,1239,train,1
1758,8,train,0
1759,1196,train,1
1760,1240,train,1
1761,1241,train,1
1762,1242,train,1
1763,1243,train,0
1764,1244,train,1
1765,1245,train,0
1766,1246,train,1
1767,1247,train,0
1768,1248,test,1
1769,1249,train,0
1770,1250,train,0
1771,1251,test,0
1772,1252,train,0
1773,1253,valid,1
1774,209,valid,0
1775,8,train,0
1776,1254,train,0
1777,1255,valid,0
1778,1256,test,1
1779,1257,train,1
1780,341,test,0
1781,1258,test,0
1782,8,train,1
1783,1259,train,0
1784,8,train,1
1785,1260,train,0
1786,8,train,0
1787,506,test,1
1788,1261,train,0
1789,1262,train,1
1790,1263,train,0
1791,1264,train,0
1792,1265,train,0
1793,1266,train,0
1794,8,train,1
1795,1267,valid,0
1796,1268,test,0
1797,1269,train,0
1798,8,train,0
1799,1270,train,1
1800,1271,train,0
1801,1272,valid,1
1802,1273,train,0
1803,1274,train,0
1804,1275,train,0
1805,8,train,0
1806,1276,train,1
1807,548,train,1
1808,8,train,0
1809,1277,test,1
1810,166,valid,1
1811,1278,train,0
1812,147,test,1
1813,1279,train,0
1814,1280,train,1
1815,8,train,1
1816,1281,valid,0
1817,288,valid,0
1818,8,train,0
1819,458,valid,1
1820,1282,test,0
1821,1283,train,1
1822,1284,train,1
1823,8,train,0
1824,1285,train,0
1825,8,train,0
1826,1286,train,0
1827,1287,train,1
1828,8,train,1
1829,1288,train,1
1830,1289,train,1
1831,1290,train,0
1832,1291,train,0
1833,534,train,1
1834,1292,train,0
1835,1293,train,1
1836,1294,train,1
1837,1295,train,0
1838,1296,train,1
1839,8,train,0
1840,1297,train,0
1841,1298,train,1
1842,1299,valid,1
1843,8,train,0
1844,8,train,0
1845,8,train,0
1846,1300,test,1
1847,1301,train,1
1848,1302,train,0
1849,1303,train,1
1850,1304,train,1
1851,630,train,1
1852,1305,train,1
1853,1306,train,1
1854,8,train,0
1855,1307,train,1
1856,1308,train,1
1857,1309,train,1
1858,554,train,1
1859,1310,train,0
1860,1221,train,1
1861,8,train,1
1862,626,train,1
1863,1311,valid,0
1864,1312,test,0
1865,208,train,1
1866,1313,train,1
1867,1314,train,1
1868,1315,train,1
1869,1316,train,0
1870,1317,train,1
1871,1318,train,0
1872,150,valid,1
1873,8,train,0
1874,8,train,0
1875,1319,train,0
1876,1320,train,0
1877,1321,train,1
1878,8,train,0
1879,8,train,0
1880,1322,train,0
1881,1323,valid,1
1882,166,valid,0
1883,1324,valid,0
1884,1325,train,1
1885,8,train,0
1886,333,train,1
1887,8,train,1
1888,1326,train,1
1889,1327,train,0
1890,1328,train,0
1891,1329,train,0
1892,3,test,0
1893,8,train,0
1894,1330,train,0
1895,1331,train,1
1896,1332,train,1
1897,8,train,0
1898,1333,train,1
1899,8,train,0
1900,696,train,1
1901,1334,train,1
1902,1335,train,1
1903,8,train,1
1904,1336,train,1
1905,1337,train,0
1906,8,train,1
1907,1338,train,1
1908,1339,train,0
1909,1340,train,0
1910,67,valid,1
1911,147,test,1
1912,1341,train,1
1913,8,train,1
1914,8,train,0
1915,1342,train,0
1916,1343,train,0
1917,8,train,1
1918,1344,train,0
1919,1345,train,0
1920,1346,train,1
1921,1347,train,0
1922,405,valid,0
1923,8,train,1
1924,1348,train,1
1925,1349,train,0
1926,288,valid,0
1927,820,train,1
1928,8,train,0
1929,8,train,0
1930,147,test,1
1931,1350,train,1
1932,1351,test,0
1933,8,train,1
1934,8,train,0
1935,1352,train,1
1936,1353,train,0
1937,8,train,1
1938,1354,train,0
1939,1355,train,0
1940,1356,train,1
1941,1357,train,0
1942,1358,train,1
1943,1359,train,1
1944,1360,train,0
1945,8,train,0
1946,1361,train,1
1947,1362,train,0
1948,8,train,1
1949,8,train,1
1950,1363,train,1
1951,1364,train,0
1952,1365,valid,1
1953,1366,train,0
1954,1367,valid,0
1955,1368,test,1
1956,1369,train,1
1957,1370,train,1
1958,8,train,1
1959,1371,train,0
1960,42,train,0
1961,1372,test,0
1962,246,train,1
1963,1373,train,1
1964,8,train,1
1965,183,test,1
1966,1374,train,0
1967,1375,valid,0
1968,1376,train,1
1969,1377,train,1
1970,1378,train,0
1971,1379,train,0
1972,1380,train,1
1973,8,train,0
1974,1381,train,0
1975,1382,train,1
1976,1383,train,0
1977,1384,test,0
1978,1385,train,1
1979,1386,train,0
1980,1387,train,0
1981,1388,train,1
1982,1389,train,1
1983,1390,test,1
1984,1391,train,0
1985,1104,train,1
1986,1392,train,1
1987,1393,train,1
1988,1394,train,0
1989,1395,train,1
1990,8,train,0
1991,1396,train,0
1992,1397,train,1
1993,147,test,0
1994,1398,train,1
1995,1193,train,1
1996,8,train,0
1997,1399,train,0
1998,1400,valid,0
1999,1401,train,0
2000,1402,train,1
2001,1403,test,0
2002,1404,train,0
2003,1405,train,1
2004,8,train,1
2005,1406,train,1
2006,8,train,1
2007,1407,train,0
2008,8,train,1
2009,1408,train,0
2010,1409,train,0
2011,1410,valid,1
2012,8,train,1
2013,1411,train,0
2014,1412,valid,0
2015,1413,train,1
2016,1414,train,0
2017,8,train,1
2018,1415,train,0
2019,1416,test,1
2020,1417,train,0
2021,1418,test,0
2022,1419,train,0
2023,1420,train,1
2024,1421,train,0
2025,925,train,1
2026,8,train,0
2027,1422,train,1
2028,1423,train,0
2029,1424,train,1
2030,8,train,0
2031,1425,train,1
2032,1426,valid,1
2033,1427,train,0
2034,250,valid,1
2035,8,train,0
2036,1402,train,1
2037,1428,train,1
2038,1429,train,0
2039,1430,train,1
2040,8,train,0
2041,1431,train,1
2042,8,train,0
2043,1432,train,0
2044,1433,train,0
2045,8,train,0
2046,8,train,0
2047,1434,train,1
2048,1435,train,1
2049,1436,train,1
2050,1437,train,1
2051,8,train,0
2052,8,train,1
2053,1438,train,0
2054,962,train,1
2055,1439,train,0
2056,1440,train,0
2057,1441,train,0
2058,8,train,1
2059,112,test,0
2060,1442,valid,1
2061,1443,train,0
2062,8,train,0
2063,1444,valid,0
2064,336,test,0
2065,1445,train,0
2066,1446,train,0
2067,115,test,1
2068,1115,train,0
2069,1447,train,0
2070,1448,test,1
2071,1449,valid,1
2072,1450,test,1
2073,1009,train,0
2074,8,train,1
2075,1451,train,1
2076,1452,test,0
2077,526,valid,1
2078,1453,train,1
2079,8,train,1
2080,1454,train,0
2081,1455,train,1
2082,115,test,1
2083,8,train,0
2084,1456,train,0
2085,1457,test,1
2086,1458,train,1
2087,8,train,0
2088,1251,test,0
2089,1459,train,0
2090,1460,train,1
2091,1461,train,1
2092,1462,train,0
2093,1463,train,1
2094,8,train,1
2095,8,train,1
2096,1464,train,0
2097,1465,train,1
2098,1466,train,0
2099,1467,train,0
2100,8,train,0
2101,1468,train,0
2102,8,train,1
2103,1469,train,1
2104,1470,train,1
2105,1471,train,0
2106,1472,valid,0
2107,1473,train,0
2108,1474,valid,1
2109,1475,train,0
2110,1476,test,0
2111,1477,test,1
2112,8,train,1
2113,122,valid,0
2114,1478,train,0
2115,1479,train,1
2116,1480,train,0
2117,250,valid,1
2118,1481,train,1
2119,1482,train,0
2120,224,valid,0
2121,1483,train,1
2122,1484,train,1
2123,1485,train,0
2124,1486,train,1
2125,1487,train,1
2126,1488,train,1
2127,1489,train,1
2128,1490,train,1
2129,1491,train,1
2130,8,train,1
2131,1492,train,0
2132,1493,train,0
2133,1494,train,0
2134,8,train,0
2135,1112,train,0
2136,107,valid,1
2137,1495,train,0
2138,8,train,0
2139,1496,train,1
2140,1497,train,0
2141,584,train,1
2142,8,train,1
2143,8,train,1
2144,1498,train,1
2145,1499,train,0
2146,1500,train,0
2147,8,train,1
2148,310,train,0
2149,1501,train,1
2150,1502,valid,0
2151,1503,test,0
2152,1504,train,1
2153,922,valid,0
2154,1505,train,1
2155,1506,train,1
2156,1507,train,0
2157,1508,train,1
2158,1509,train,1
2159,1510,train,1
2160,602,train,1
2161,1511,train,0
2162,1512,test,0
2163,1513,train,1
2164,8,train,0
2165,1514,train,0
2166,1033,train,0
2167,1515,train,1
2168,8,train,0
2169,1516,train,1
2170,8,train,0
2171,1517,train,0
2172,1518,train,1
2173,903,train,0
2174,1519,train,1
2175,1520,train,0
2176,1521,train,0
2177,1522,train,1
2178,1523,train,0
2179,1524,train,0
2180,8,train,0
2181,1525,train,0
2182,396,valid,1
2183,1526,train,0
2184,1527,train,0
2185,1528,valid,0
2186,1529,valid,1
2187,8,train,1
2188,8,train,1
2189,1530,train,0
2190,1531,train,1
2191,1532,valid,0
2192,1449,valid,1
2193,8,train,0
2194,1533,train,0
2195,1318,train,1
2196,1534,train,0
2197,1133,train,0
2198,1535,test,1
2199,1536,train,1
2200,1537,train,1
2201,1538,train,1
2202,1539,train,1
2203,1540,train,0
2204,1541,train,1
2205,1542,train,1
2206,1543,train,0
2207,1544,test,0
2208,8,train,0
2209,1545,train,1
2210,672,train,0
2211,1546,train,0
2212,1547,test,0
2213,8,train,0
2214,1548,train,1
2215,1067,train,1
2216,1549,valid,1
2217,1550,train,0
2218,1231,train,0
2219,1551,train,0
2220,1552,train,0
2221,1553,train,0
2222,1554,train,0
2223,8,train,0
2224,336,test,0
2225,8,train,1
2226,1555,train,1
2227,1556,train,1
2228,131,valid,1
2229,1557,train,0
2230,1558,train,0
2231,1559,train,1
2232,1560,train,1
2233,1417,train,0
2234,1561,train,1
2235,8,train,0
2236,1562,train,0
2237,1563,train,0
2238,8,train,0
2239,8,train,0
2240,1564,train,0
2241,1565,train,0
2242,154,train,0
2243,1566,train,0
2244,1567,valid,0
2245,209,valid,1
2246,1568,valid,1
2247,8,train,0
2248,1569,test,0
2249,8,train,1
2250,1570,test,1
2251,759,train,0
2252,8,train,0
2253,8,train,0
2254,8,train,1
2255,8,train,1
2256,8,train,1
2257,1320,train,0
2258,8,train,1
2259,1571,train,0
2260,1572,train,0
2261,8,train,0
2262,1573,train,1
2263,1574,train,0
2264,1575,train,0
2265,1576,train,0
2266,8,train,0
2267,1577,train,0
2268,1578,train,1
2269,1579,train,0
2270,1580,valid,0
2271,1581,train,0
2272,8,train,0
2273,8,train,1
2274,8,train,0
2275,1582,valid,0
2276,8,train,0
2277,8,train,1
2278,8,train,0
2279,1583,train,1
2280,8,train,1
2281,1584,test,0
2282,1585,train,1
2283,8,train,1
2284,1586,train,0
2285,1587,train,0
2286,8,train,0
2287,1588,train,0
2288,1589,train,0
2289,8,train,0
2290,1590,train,0
2291,1591,train,0
2292,1592,train,1
2293,1593,train,0
2294,8,train,1
2295,8,train,0
2296,8,train,1
2297,1594,train,0
2298,1595,train,0
2299,1596,train,0
2300,8,train,1
2301,1597,train,0
2302,8,train,0
2303,1598,valid,1
2304,8,train,0
2305,600,train,0
2306,1599,train,1
2307,1600,test,1
2308,8,train,1
2309,8,train,0
2310,1601,train,0
2311,1602,valid,1
2312,1603,valid,0
2313,1604,train,1
2314,1322,train,1
2315,1605,train,1
2316,1606,train,0
2317,818,train,0
2318,8,train,0
2319,1607,train,0
2320,1608,test,0
2321,1609,train,0
2322,1610,train,1
2323,1611,train,1
2324,8,train,1
2325,1612,train,1
2326,1613,train,1
2327,1614,train,1
2328,1615,train,0
2329,1616,train,1
2330,1617,train,0
2331,1618,train,0
2332,1619,train,1
2333,1620,train,0
2334,1621,train,0
2335,577,test,0
2336,439,train,0
2337,1322,train,1
2338,1592,train,0
2339,1622,train,0
2340,8,train,0
2341,8,train,0
2342,1623,train,1
2343,8,train,0
2344,1624,valid,1
2345,1625,test,0
2346,8,train,0
2347,250,valid,1
2348,8,train,0
2349,1232,valid,1
2350,1626,train,1
2351,1627,train,0
2352,115,test,1
2353,8,train,0
2354,1578,train,0
2355,1628,valid,0
2356,1629,valid,1
2357,1630,train,0
2358,8,train,1
2359,1631,train,0
2360,8,train,0
2361,1632,train,1
2362,1633,test,1
2363,1634,train,1
2364,1635,test,0
2365,8,train,0
2366,39,train,1
2367,1636,test,1
2368,8,train,0
2369,1141,train,0
2370,1637,train,1
2371,1638,train,1
2372,8,train,0
2373,1639,train,0
2374,1640,train,1
2375,8,train,1
2376,1641,train,0
2377,1642,train,0
2378,1643,train,0
2379,1644,train,1
2380,1645,train,1
2381,1646,train,0
2382,1647,train,0
2383,1648,train,0
2384,1649,train,1
2385,8,train,1
2386,1650,train,0
2387,1651,train,1
2388,8,train,1
2389,1123,train,0
2390,8,train,0
2391,1015,train,0
2392,8,train,1
2393,1652,train,1
2394,1653,train,1
2395,1654,train,0
2396,1655,train,0
2397,1656,test,1
2398,8,train,0
2399,1657,train,1
2400,644,train,1
2401,8,train,0
2402,1658,train,0
2403,8,train,0
2404,1659,train,0
2405,535,train,0
2406,8,train,1
2407,1613,train,0
2408,1660,train,1
2409,1661,valid,0
2410,1662,valid,0
2411,8,train,0
2412,8,train,0
2413,732,train,1
2414,1663,test,0
2415,1664,valid,1
2416,8,train,0
2417,1665,train,0
2418,8,train,0
2419,1666,test,1
2420,1667,train,1
2421,1668,train,0
2422,1669,train,0
2423,1670,train,1
2424,1671,train,1
2425,930,valid,1
2426,1672,train,0
2427,1673,train,1
2428,1674,train,1
2429,1675,train,0
2430,1192,train,1
2431,663,train,0
2432,8,train,0
2433,1288,train,1
2434,1676,train,0
2435,1677,train,0
2436,288,valid,0
2437,1678,train,1
2438,1679,train,1
2439,1680,train,0
2440,8,train,1
2441,8,train,1
2442,8,train,0
2443,8,train,1
2444,8,train,0
2445,1681,train,1
2446,1682,train,1
2447,1683,train,0
2448,8,train,0
2449,1684,train,0
2450,8,train,0
2451,8,train,0
2452,1685,train,1
2453,1686,train,0
2454,8,train,1
2455,1687,train,0
2456,1688,train,1
2457,1689,train,0
2458,1443,train,1
2459,1690,train,1
2460,1691,train,0
2461,1692,valid,0
2462,8,train,1
2463,112,test,0
2464,1693,train,1
2465,8,train,1
2466,1694,valid,0
2467,1695,train,1
2468,8,train,0
2469,1696,test,0
2470,1697,train,0
2471,1698,train,1
2472,8,train,0
2473,1699,train,0
2474,238,valid,0
2475,1700,train,0
2476,1701,train,0
2477,915,valid,0
2478,1702,train,0
2479,8,train,0
2480,8,train,0
2481,8,train,0
2482,1703,train,1
2483,1704,train,0
2484,8,train,0
2485,1705,valid,1
2486,288,valid,0
2487,1706,valid,0
2488,1707,train,0
2489,1193,train,1
2490,1708,test,1
2491,682,train,1
2492,1709,test,0
2493,1710,train,1
2494,1711,train,0
2495,1712,train,0
2496,8,train,1
2497,1713,train,0
2498,8,train,0
2499,1714,train,1
2500,1715,train,1
2501,8,train,0
2502,1716,train,1
2503,8,train,0
2504,8,train,1
2505,1717,train,1
2506,1718,train,1
2507,443,valid,1
2508,8,train,0
2509,247,train,1
2510,1719,train,0
2511,1720,train,0
2512,8,train,0
2513,1721,train,0
2514,1722,train,0
2515,120,train,1
2516,1723,train,0
2517,1724,valid,1
2518,1725,valid,0
2519,114,test,1
2520,1726,train,0
2521,1727,test,1
2522,8,train,1
2523,8,train,0
2524,1728,test,0
2525,1729,test,0
2526,962,train,1
2527,1730,train,0
2528,8,train,1
2529,147,test,1
2530,1731,train,1
2531,1207,valid,0
2532,1732,train,1
2533,1733,train,0
2534,1734,train,1
2535,1735,train,0
2536,8,train,0
2537,1736,train,0
2538,1737,train,0
2539,1738,train,0
2540,8,train,0
2541,1739,valid,0
2542,1740,train,0
2543,712,test,0
2544,1741,train,1
2545,930,valid,0
2546,1742,train,1
2547,1743,train,0
2548,8,train,0
2549,1390,test,0
2550,1744,train,1
2551,8,train,0
2552,8,train,1
2553,1745,valid,0
2554,8,train,0
2555,1746,valid,1
2556,8,train,0
2557,1747,train,1
2558,1748,test,0
2559,1749,train,0
2560,1750,test,1
2561,1751,train,1
2562,1752,train,1
2563,1602,valid,1
2564,1753,train,0
2565,1754,train,0
2566,1755,train,1
2567,1756,train,0
2568,1757,test,1
2569,1758,train,1
2570,1759,train,0
2571,1760,train,1
2572,1761,train,0
2573,1762,train,0
2574,1763,train,1
2575,1764,train,0
2576,1765,train,1
2577,8,train,0
2578,1766,train,0
2579,1767,train,1
2580,1768,valid,0
2581,8,train,0
2582,1769,train,1
2583,1770,train,0
2584,1771,train,1
2585,1772,valid,0
2586,1773,train,1
2587,399,train,1
2588,8,train,0
2589,8,train,0
2590,8,train,0
2591,336,test,0
2592,8,train,0
2593,8,train,0
2594,1774,train,1
2595,8,train,0
2596,1668,train,1
2597,935,train,1
2598,8,train,1
2599,8,train,0
2600,214,train,1
2601,8,train,0
2602,1775,train,0
2603,8,train,1
2604,1203,train,1
2605,1776,test,0
2606,1777,train,1
2607,1778,train,0
2608,1779,train,0
2609,8,train,0
2610,8,train,1
2611,1780,train,0
2612,1781,train,0
2613,1782,train,0
2614,1783,valid,1
2615,8,train,0
2616,1784,train,0
2617,1785,test,1
2618,1786,valid,0
2619,1787,test,0
2620,1788,train,1
2621,8,train,0
2622,1789,train,1
2623,1374,train,0
2624,1790,train,1
2625,8,train,0
2626,1791,train,1
2627,1406,train,1
2628,4,test,1
2629,1792,train,0
2630,1793,train,0
2631,1794,train,0
2632,1795,train,0
2633,1796,train,1
2634,1797,train,1
2635,1798,train,0
2636,1799,train,0
2637,8,train,0
2638,8,train,0
2639,8,train,0
2640,1800,train,0
2641,8,train,1
2642,1801,train,1
2643,600,train,1
2644,288,valid,0
2645,1771,train,1
2646,1802,train,1
2647,8,train,0
2648,8,train,0
2649,1803,train,1
2650,8,train,1
2651,1804,train,0
2652,250,valid,1
2653,1805,train,0
2654,1806,test,1
2655,1807,train,0
2656,1808,valid,1
2657,8,train,0
2658,1809,train,1
2659,1187,train,1
2660,1638,train,0
2661,1810,train,1
2662,1811,train,0
2663,893,train,1
2664,1812,train,0
2665,1813,train,1
2666,1814,train,0
2667,1815,test,0
2668,1816,valid,1
2669,1817,test,0
2670,1818,test,1
2671,1819,valid,0
2672,8,train,0
2673,1820,test,0
2674,8,train,0
2675,1821,train,1
2676,1822,train,1
2677,1356,train,1
2678,1823,train,1
2679,8,train,1
2680,1339,train,0
2681,8,train,0
2682,1824,train,0
2683,8,train,0
2684,8,train,1
2685,8,train,1
2686,1825,train,0
2687,8,train,0
2688,1826,train,0
2689,1827,train,0
2690,1828,train,0
2691,1829,train,0
2692,1830,train,0
2693,8,train,0
2694,1831,valid,0
2695,1832,test,0
2696,8,train,1
2697,1833,train,0
2698,1834,valid,1
2699,1835,train,0
2700,1836,test,1
2701,1837,train,0
2702,1838,train,1
2703,1839,train,0
2704,1840,train,0
2705,1841,train,0
2706,1842,train,1
2707,1620,train,0
2708,1843,train,0
2709,1844,train,1
2710,1845,train,1
2711,518,train,0
2712,1846,train,0
2713,1847,train,1
2714,8,train,1
2715,930,valid,1
2716,8,train,0
2717,1848,train,0
2718,1849,train,1
2719,1850,train,1
2720,8,train,0
2721,1439,train,0
2722,8,train,0
2723,1851,train,0
2724,1852,valid,0
2725,1853,train,1
2726,1512,test,0
2727,1854,train,0
2728,1855,train,1
2729,800,train,1
2730,1856,test,0
2731,8,train,1
2732,250,valid,0
2733,1857,train,0
2734,1262,train,1
2735,1858,train,0
2736,1859,train,0
2737,1860,train,1
2738,1861,train,0
2739,1862,train,1
2740,1863,train,0
2741,804,train,1
2742,250,valid,0
2743,1864,train,1
2744,8,train,1
2745,1865,train,0
2746,1866,train,0
2747,1867,train,0
2748,1868,train,1
2749,1869,train,0
2750,716,train,0
2751,8,train,0
2752,1870,train,1
2753,8,train,0
2754,8,train,1
2755,8,train,1
2756,1871,train,0
2757,1872,train,0
2758,756,train,1
2759,1873,train,0
2760,1874,valid,1
2761,328,test,0
2762,1875,train,0
2763,1876,valid,0
2764,1877,train,0
2765,1289,train,0
2766,1878,train,1
2767,1879,train,0
2768,231,train,0
2769,85,train,1
2770,1715,train,1
2771,1880,train,1
2772,1881,train,0
2773,1882,test,1
2774,8,train,0
2775,492,train,0
2776,1883,train,1
2777,288,valid,0
2778,1884,train,1
2779,1885,train,1
2780,122,valid,1
2781,8,train,0
2782,1886,test,0
2783,1887,train,0
2784,8,train,0
2785,8,train,1
2786,1888,train,0
2787,8,train,1
2788,1889,train,1
2789,1890,train,0
2790,1891,train,0
2791,1892,train,1
2792,8,train,0
2793,1893,train,1
2794,1894,valid,0
2795,1895,train,0
2796,8,train,1
2797,1896,train,0
2798,650,test,0
2799,8,train,0
2800,1897,train,1
2801,1898,train,1
2802,1899,train,1
2803,1900,train,1
2804,8,train,1
2805,1901,train,0
2806,1902,train,1
2807,1903,train,0
2808,1904,train,0
2809,1905,valid,0
2810,8,train,0
2811,8,train,0
2812,1906,valid,1
2813,1907,valid,0
2814,1908,test,1
2815,1909,train,1
2816,1910,test,0
2817,596,train,1
2818,1800,train,0
2819,1911,train,1
2820,8,train,1
2821,1912,train,0
2822,1913,train,1
2823,1914,train,0
2824,8,train,0
2825,1915,train,0
2826,1916,train,0
2827,1917,train,0
2828,1918,train,1
2829,1919,train,0
2830,1920,train,0
2831,1921,train,1
2832,1922,train,1
2833,1923,train,1
2834,1924,train,0
2835,1925,train,1
2836,8,train,0
2837,8,train,0
2838,1926,train,0
2839,1927,train,1
2840,1928,train,1
2841,1929,train,0
2842,1930,valid,0
2843,1024,train,1
2844,8,train,1
2845,8,train,0
2846,1251,test,1
2847,8,train,0
2848,1931,test,0
2849,8,train,0
2850,1762,train,1
2851,1932,train,0
2852,1933,train,1
2853,1934,train,0
2854,1935,valid,1
2855,1936,train,0
2856,1937,train,0
2857,8,train,0
2858,1719,train,0
2859,1938,train,1
2860,8,train,0
2861,1939,train,0
2862,1940,train,1
2863,209,valid,1
2864,8,train,0
2865,104,valid,0
2866,1339,train,0
2867,1941,train,1
2868,1942,train,0
2869,107,valid,0
2870,1943,test,1
2871,1944,train,1
2872,1945,valid,0
2873,1946,test,0
2874,166,valid,1
2875,1947,train,1
2876,8,train,0
2877,8,train,0
2878,1475,train,0
2879,1948,train,1
2880,1949,train,0
2881,1950,train,1
2882,1951,train,0
2883,1187,train,1
2884,8,train,1
2885,354,train,0
2886,1952,train,0
2887,1953,train,0
2888,1954,train,0
2889,8,train,0
2890,1955,train,0
2891,1847,train,0
2892,8,train,1
2893,252,train,0
2894,8,train,1
2895,24,test,1
2896,1956,train,1
2897,1957,valid,1
2898,1958,train,0
2899,1959,train,0
2900,1960,train,0
2901,1961,train,0
2902,1962,valid,1
2903,1963,train,0
2904,8,train,1
2905,1964,valid,0
2906,1965,test,1
2907,1966,train,1
2908,1967,test,0
2909,1968,train,0
2910,1969,train,1
2911,1970,train,0
2912,1971,train,1
2913,1972,train,1
2914,8,train,0
2915,1973,train,0
2916,1974,train,0
2917,1975,train,1
2918,841,train,1
2919,8,train,0
2920,1976,train,0
2921,1977,train,0
2922,1978,train,0
2923,1979,train,0
2924,1003,test,0
2925,1980,valid,0
2926,1981,valid,1
2927,1276,train,1
2928,1982,test,0
2929,1983,train,1
2930,8,train,0
2931,1984,train,0
2932,250,valid,0
2933,38,train,1
2934,1985,train,0
2935,1986,train,0
2936,1987,test,1
2937,1988,train,0
2938,8,train,0
2939,8,train,0
2940,8,train,1
2941,131,valid,0
2942,1989,train,1
2943,1438,train,0
2944,1990,train,0
2945,1322,train,0
2946,566,valid,0
2947,1991,train,1
2948,8,train,0
2949,1992,train,1
2950,1993,train,1
2951,133,train,0
2952,288,valid,0
2953,1994,valid,1
2954,1854,train,1
2955,1995,train,1
2956,1996,train,0
2957,1997,train,1
2958,1998,train,1
2959,765,train,1
2960,8,train,0
2961,8,train,0
2962,1867,train,0
2963,1999,train,0
2964,2000,train,1
2965,2001,train,1
2966,2002,train,0
2967,1559,train,1
2968,2003,train,0
2969,2004,train,0
2970,8,train,0
2971,8,train,1
2972,2005,train,1
2973,440,train,0
2974,2006,valid,0
2975,2007,train,1
2976,78,valid,0
2977,8,train,0
2978,8,train,0
2979,8,train,0
2980,1023,train,0
2981,2008,train,0
2982,2009,train,1
2983,2010,train,1
2984,2011,test,0
2985,2012,train,1
2986,115,test,1
2987,2013,train,0
2988,2014,train,1
2989,8,train,1
2990,452,test,1
2991,371,valid,0
2992,8,train,0
2993,115,test,1
2994,2015,train,1
2995,2016,train,0
2996,2017,train,1
2997,2018,train,1
2998,1808,valid,0
2999,2019,train,1
3000,2020,test,0
3001,1406,train,0
3002,2021,train,0
3003,2022,train,1
3004,2023,train,0
3005,2024,train,0
3006,2025,valid,1
3007,2026,train,0
3008,2027,train,0
3009,2028,valid,1
3010,341,test,1
3011,2029,train,0
3012,2030,train,0
3013,2031,valid,0
3014,2032,train,0
3015,2033,train,0
3016,2034,test,1
3017,2035,train,1
3018,2036,test,0
3019,8,train,1
3020,2037,train,1
3021,2038,train,1
3022,115,test,1
3023,8,train,0
3024,2039,train,1
3025,1017,train,0
3026,2040,train,0
3027,2041,train,1
3028,21,test,0
3029,2042,train,1
3030,2043,train,0
3031,2044,train,1
3032,2045,train,1
3033,8,train,0
3034,8,train,1
3035,2046,train,0
3036,2047,train,1
3037,2048,train,0
3038,8,train,0
3039,8,train,0
3040,2049,train,1
3041,1667,train,1
3042,366,test,0
3043,566,valid,0
3044,1158,train,0
3045,2050,train,1
3046,2051,train,1
3047,2052,train,1
3048,2053,train,0
3049,2054,test,1
3050,2055,train,1
3051,2056,train,0
3052,2057,train,1
3053,8,train,1
3054,833,valid,0
3055,2058,train,0
3056,2059,train,0
3057,2060,train,0
3058,383,train,0
3059,2061,train,0
3060,8,train,1
3061,2062,train,0
3062,4,test,0
3063,8,train,0
3064,2063,train,0
3065,2064,test,1
3066,8,train,1
3067,2065,valid,0
3068,2066,test,0
3069,390,train,0
3070,2067,train,0
3071,1625,test,1
3072,8,train,0
3073,341,test,0
3074,2068,valid,1
3075,2069,train,0
3076,2070,test,1
3077,2071,train,0
3078,2072,train,1
3079,2073,train,1
3080,1058,train,1
3081,2074,train,1
3082,8,train,1
3083,2075,train,1
3084,2076,train,0
3085,2077,train,0
3086,8,train,0
3087,1371,train,0
3088,433,train,0
3089,569,train,0
3090,8,train,1
3091,8,train,1
3092,2078,train,1
3093,2079,test,0
3094,8,train,1
3095,2080,train,1
3096,8,train,1
3097,2081,valid,0
3098,115,test,0
3099,2082,train,1
3100,8,train,1
3101,8,train,0
3102,2083,train,0
3103,2084,train,1
3104,2085,train,1
3105,2086,train,0
3106,2087,train,0
3107,492,train,0
3108,8,train,0
3109,2088,train,1
3110,8,train,0
3111,2089,train,0
3112,1139,train,1
3113,2090,valid,0
3114,438,train,0
3115,8,train,1
3116,2091,test,0
3117,2092,train,1
3118,8,train,0
3119,486,train,1
3120,8,train,1
3121,1623,train,0
3122,2093,train,1
3123,2094,train,0
3124,855,train,1
3125,2095,valid,1
3126,1898,train,0
3127,8,train,1
3128,2096,train,0
3129,2097,test,1
3130,2098,train,0
3131,1449,valid,1
3132,2099,train,1
3133,278,test,1
3134,2100,train,1
3135,2101,train,1
3136,2102,train,0
3137,8,train,0
3138,8,train,1
3139,2103,train,0
3140,2104,train,0
3141,2105,train,0
3142,341,test,1
3143,2106,train,1
3144,2107,train,0
3145,2108,train,0
3146,2109,train,0
3147,8,train,1
3148,1512,test,0
3149,2110,train,1
3150,8,train,0
3151,8,train,0
3152,470,train,1
3153,2111,valid,0
3154,630,train,0
3155,2112,test,0
3156,8,train,0
3157,2113,train,0
3158,8,train,1
3159,8,train,1
3160,2114,train,1
3161,1274,train,0
3162,2115,train,1
3163,1082,train,0
3164,8,train,1
3165,2116,train,1
3166,2117,train,1
3167,8,train,0
3168,2118,train,0
3169,2119,train,1
3170,2120,train,0
3171,2121,train,0
3172,2122,train,0
3173,2123,train,0
3174,8,train,0
3175,8,train,0
3176,2124,train,1
3177,8,train,1
3178,8,train,1
3179,8,train,1
3180,296,train,0
3181,2125,train,0
3182,8,train,1
3183,2126,train,1
3184,2127,train,0
3185,2128,train,0
3186,1022,train,1
3187,2129,valid,1
3188,2130,test,1
3189,492,train,1
3190,2131,valid,0
3191,8,train,1
3192,111,test,0
3193,566,valid,0
3194,2132,test,0
3195,575,valid,1
3196,2133,train,0
3197,8,train,0
3198,2134,train,1
3199,2135,train,0
3200,2136,train,0
3201,1650,train,0
3202,1254,train,0
3203,2137,train,1
3204,2138,train,1
3205,2139,train,0
3206,2140,train,1
3207,2141,train,0
3208,2142,train,1
3209,2143,train,0
3210,8,train,0
3211,2144,train,0
3212,8,train,0
3213,796,test,1
3214,8,train,0
3215,2145,valid,1
3216,1994,valid,1
3217,2146,train,0
3218,2147,train,0
3219,2148,train,1
3220,2149,train,1
3221,8,train,1
3222,2150,train,0
3223,8,train,1
3224,2151,train,0
3225,8,train,0
3226,440,train,1
3227,8,train,0
3228,2152,valid,0
3229,8,train,1
3230,831,valid,0
3231,112,test,0
3232,2153,valid,1
3233,2154,test,1
3234,2155,train,1
3235,8,train,1
3236,2156,train,1
3237,2157,valid,0
3238,366,test,0
3239,8,train,1
3240,2158,train,1
3241,2159,train,1
3242,8,train,0
3243,2160,test,0
3244,354,train,1
3245,239,test,1
3246,1055,valid,1
3247,8,train,1
3248,2161,train,0
3249,2162,test,1
3250,2163,train,0
3251,2164,train,1
3252,8,train,1
3253,8,train,1
3254,2165,train,1
3255,2166,train,0
3256,2167,train,0
3257,2168,train,1
3258,2169,train,1
3259,2145,valid,1
3260,2170,train,1
3261,1047,valid,0
3262,337,train,0
3263,2171,train,1
3264,1019,train,0
3265,2172,train,1
3266,8,train,1
3267,2173,train,1
3268,2174,train,1
3269,247,train,0
3270,2175,test,1
3271,2176,train,1
3272,2177,train,1
3273,2178,train,1
3274,8,train,0
3275,2179,train,1
3276,443,valid,1
3277,2180,train,0
3278,2181,train,1
3279,50,train,0
3280,2182,train,0
3281,8,train,1
3282,2183,train,0
3283,2184,train,0
3284,8,train,0
3285,238,valid,1
3286,8,train,0
3287,2185,train,0
3288,2186,train,0
3289,8,train,0
3290,415,train,1
3291,2187,train,0
3292,2188,train,0
3293,2189,train,0
3294,1528,valid,0
3295,2190,train,1
3296,2191,valid,0
3297,2192,test,0
3298,819,test,1
3299,8,train,1
3300,2193,train,0
3301,2194,train,0
3302,2195,valid,1
3303,2196,test,1
3304,2197,train,1
3305,2198,train,1
3306,2199,train,0
3307,8,train,1
3308,2200,train,1
3309,112,test,1
3310,2201,train,0
3311,8,train,0
3312,1527,train,0
3313,84,valid,0
3314,2202,train,0
3315,2203,train,0
3316,1597,train,0
3317,2204,train,1
3318,2205,train,0
3319,2206,train,1
3320,2207,train,0
3321,2208,train,0
3322,8,train,0
3323,2209,train,1
3324,1320,train,1
3325,8,train,0
3326,2157,valid,1
3327,2210,train,0
3328,1133,train,0
3329,2211,train,1
3330,8,train,1
3331,2212,valid,0
3332,2213,train,1
3333,8,train,0
3334,2214,train,1
3335,8,train,0
3336,382,train,1
3337,8,train,1
3338,2215,valid,1
3339,8,train,0
3340,2216,train,1
3341,2217,test,1
3342,2218,test,0
3343,2219,train,0
3344,2220,train,1
3345,2221,train,1
3346,2222,valid,0
3347,8,train,1
3348,2223,test,0
3349,201,train,1
3350,2224,train,1
3351,8,train,1
3352,115,test,1
3353,2225,train,0
3354,150,valid,0
3355,2226,train,1
3356,2227,train,0
3357,2228,train,1
3358,2229,train,1
3359,8,train,0
3360,2230,train,0
3361,8,train,0
3362,8,train,1
3363,24,test,0
3364,2114,train,0
3365,2231,train,1
3366,2232,valid,1
3367,8,train,0
3368,2233,valid,0
3369,2234,train,0
3370,2235,test,1
3371,2236,train,1
3372,250,valid,1
3373,8,train,0
3374,752,train,1
3375,1596,train,1
3376,2237,test,0
3377,390,train,0
3378,2238,train,0
3379,833,valid,0
3380,2239,train,0
3381,1766,train,1
3382,8,train,0
3383,2240,train,0
3384,2241,train,1
3385,112,test,0
3386,2242,train,1
3387,2243,train,0
3388,2244,train,1
3389,353,valid,0
3390,2245,train,1
3391,2246,train,0
3392,2247,train,0
3393,2248,train,0
3394,2249,train,1
3395,2250,train,0
3396,2251,train,1
3397,2252,train,1
3398,554,train,0
3399,2253,valid,0
3400,115,test,0
3401,8,train,0
3402,2254,train,0
3403,2255,test,0
3404,566,valid,1
3405,2256,train,0
3406,8,train,1
3407,2257,valid,1
3408,8,train,0
3409,2258,train,0
3410,2259,test,1
3411,2260,train,0
3412,8,train,0
3413,2261,train,0
3414,8,train,1
3415,1511,train,1
3416,8,train,0
3417,2262,train,0
3418,2263,train,0
3419,2264,train,1
3420,2265,train,0
3421,2266,train,1
3422,2267,train,0
3423,613,valid,1
3424,2268,train,1
3425,2269,train,0
3426,2270,train,0
3427,8,train,0
3428,250,valid,0
3429,2271,train,1
3430,8,train,0
3431,8,train,1
3432,2272,train,0
3433,2273,train,0
3434,2274,train,0
3435,2275,train,1
3436,2276,train,0
3437,569,train,0
3438,2277,train,1
3439,2278,valid,0
3440,8,train,0
3441,426,test,0
3442,2279,test,0
3443,2280,train,1
3444,2281,train,0
3445,2282,train,0
3446,8,train,0
3447,2283,train,0
3448,2284,train,0
3449,8,train,0
3450,2285,train,1
3451,9,test,0
3452,2286,train,0
3453,2287,train,0
3454,613,valid,1
3455,1305,train,1
3456,2288,train,0
3457,2289,train,1
3458,8,train,1
3459,2290,train,0
3460,8,train,1
3461,166,valid,0
3462,2291,train,0
3463,8,train,0
3464,2292,train,0
3465,2293,train,1
3466,8,train,1
3467,1112,train,0
3468,8,train,0
3469,2294,train,0
3470,8,train,0
3471,517,train,1
3472,2295,train,1
3473,8,train,0
3474,2296,valid,1
3475,2297,train,0
3476,2298,test,1
3477,2299,train,0
3478,2300,train,0
3479,1473,train,1
3480,2301,train,0
3481,2302,train,0
3482,2303,train,0
3483,2304,train,1
3484,2305,train,1
3485,2306,valid,0
3486,2307,test,0
3487,8,train,1
3488,2308,train,0
3489,8,train,1
3490,2309,train,0
3491,2310,train,1
3492,8,train,1
3493,2311,train,0
3494,2312,train,0
3495,2313,train,1
3496,286,valid,1
3497,2314,train,0
3498,1849,train,1
3499,2315,train,1
3500,2316,train,1
3501,2317,train,0
3502,8,train,0
3503,1613,train,0
3504,8,train,1
3505,2318,train,1
3506,2319,train,0
3507,131,valid,1
3508,8,train,1
3509,2320,train,0
3510,2321,train,1
3511,2322,train,1
3512,2323,train,0
3513,2324,train,0
3514,2325,train,1
3515,8,train,0
3516,8,train,0
3517,8,train,1
3518,2326,train,1
3519,2327,train,0
3520,2328,train,1
3521,559,train,0
3522,1434,train,0
3523,8,train,1
3524,2329,valid,1
3525,2330,train,0
3526,2331,train,1
3527,2332,valid,0
3528,2333,test,1
3529,2334,test,0
3530,1055,valid,1
3531,8,train,0
3532,2335,train,0
3533,2336,train,0
3534,877,train,1
3535,8,train,1
3536,2337,train,0
3537,2338,train,0
3538,2339,train,0
3539,1406,train,0
3540,2340,train,1
3541,2341,train,0
3542,2342,train,1
3543,2343,train,0
3544,2344,train,0
3545,8,train,1
3546,2345,train,0
3547,8,train,0
3548,2346,train,0
3549,2316,train,0
3550,8,train,1
3551,630,train,1
3552,2347,valid,0
3553,286,valid,1
3554,8,train,0
3555,2348,train,1
3556,2349,test,0
3557,2350,train,0
3558,8,train,1
3559,2351,test,0
3560,112,test,1
3561,1686,train,1
3562,8,train,1
3563,2352,train,0
3564,2353,train,0
3565,2354,train,0
3566,2355,train,0
3567,2356,train,0
3568,2357,valid,1
3569,8,train,1
3570,2358,train,0
3571,2359,test,1
3572,8,train,0
3573,109,train,1
3574,2360,train,1
3575,2361,train,1
3576,2362,train,0
3577,2363,train,1
3578,1604,train,0
3579,2364,valid,1
3580,8,train,0
3581,2365,valid,0
3582,2366,train,1
3583,8,train,1
3584,2367,train,0
3585,8,train,0
3586,2368,test,0
3587,2369,train,1
3588,8,train,1
3589,2370,test,1
3590,8,train,1
3591,2371,train,1
3592,2372,train,0
3593,2373,train,1
3594,2374,train,1
3595,242,train,0
3596,8,train,1
3597,2375,valid,0
3598,2376,train,0
3599,2081,valid,0
3600,8,train,0
3601,8,train,0
3602,2377,train,0
3603,1445,train,1
3604,2378,train,0
3605,2379,train,0
3606,2380,train,1
3607,2381,train,1
3608,1817,test,0
3609,800,train,0
3610,2382,train,1
3611,2383,train,0
3612,922,valid,0
3613,2384,train,0
3614,2385,train,0
3615,8,train,0
3616,8,train,1
3617,2386,train,0
3618,2387,train,0
3619,2388,valid,0
3620,2389,valid,1
3621,2390,test,1
3622,2391,test,0
3623,8,train,0
3624,2392,train,1
3625,1798,train,1
3626,2393,train,1
3627,8,train,1
3628,2394,train,0
3629,2395,train,1
3630,2396,train,0
3631,2397,train,0
3632,2398,train,1
3633,2399,train,0
3634,2400,train,0
3635,1940,train,1
3636,2401,train,0
3637,2402,train,1
3638,2403,train,1
3639,2404,test,0
3640,2405,train,1
3641,2406,train,0
3642,2407,train,0
3643,2408,valid,0
3644,2409,train,1
3645,8,train,1
3646,1905,valid,0
3647,311,test,1
3648,2410,train,0
3649,8,train,1
3650,2411,train,0
3651,2412,train,1
3652,8,train,0
3653,366,test,0
3654,1160,valid,0
3655,2413,train,0
3656,2414,test,0
3657,2415,train,0
3658,8,train,1
3659,650,test,0
3660,2416,train,0
3661,2417,train,0
3662,426,test,0
3663,800,train,0
3664,2418,train,1
3665,353,valid,0
3666,2419,valid,1
3667,2420,train,0
3668,2421,test,1
3669,8,train,0
3670,2422,train,0
3671,566,valid,0
3672,961,train,1
3673,2423,train,0
3674,2424,train,1
3675,8,train,0
3676,2425,valid,0
3677,2426,train,1
3678,8,train,0
3679,8,train,0
3680,8,train,1
3681,2427,train,1
3682,288,valid,0
3683,8,train,1
3684,8,train,0
3685,2428,train,0
3686,2429,train,1
3687,2430,test,0
3688,1592,train,1
3689,8,train,1
3690,2431,train,1
3691,2432,train,1
3692,2433,train,0
3693,732,train,0
3694,2434,train,0
3695,8,train,1
3696,2435,train,0
3697,638,train,1
3698,2436,train,1
3699,8,train,1
3700,2437,train,1
3701,2438,train,0
3702,8,train,0
3703,8,train,1
3704,2439,train,1
3705,2440,train,0
3706,8,train,0
3707,8,train,0
3708,2441,train,1
3709,2442,train,0
3710,8,train,1
3711,8,train,0
3712,2124,train,0
3713,8,train,0
3714,1842,train,1
3715,202,train,0
3716,2443,train,0
3717,111,test,0
3718,2444,train,0
3719,2445,train,0
3720,2446,train,1
3721,8,train,1
3722,8,train,1
3723,2447,train,0
3724,2448,valid,1
3725,2449,test,1
3726,250,valid,0
3727,2422,train,0
3728,2450,train,0
3729,2451,valid,0
3730,2452,train,1
3731,2453,train,1
3732,566,valid,1
3733,8,train,0
3734,2454,train,1
3735,8,train,0
3736,744,train,1
3737,2455,train,1
3738,2456,train,1
3739,2457,train,1
3740,2458,train,1
3741,191,train,0
3742,8,train,0
3743,2274,train,0
3744,711,train,0
3745,2459,test,0
3746,2460,train,1
3747,8,train,0
3748,2461,train,0
3749,2462,train,0
3750,2463,train,1
3751,8,train,1
3752,8,train,1
3753,2464,train,1
3754,8,train,1
3755,8,train,0
3756,2465,train,1
3757,2466,train,1
3758,2467,train,0
3759,1015,train,1
3760,2468,train,1
3761,8,train,1
3762,278,test,0
3763,3,test,0
3764,8,train,0
3765,367,test,0
3766,1191,train,0
3767,2469,train,0
3768,2114,train,1
3769,67,valid,1
3770,2079,test,1
3771,2470,train,0
3772,2471,train,0
3773,2472,train,1
3774,2145,valid,1
3775,8,train,1
3776,8,train,0
3777,8,train,0
3778,2473,train,0
3779,1509,train,1
3780,2474,train,0
3781,2475,train,1
3782,124,train,1
3783,2476,train,0
3784,2477,train,0
3785,2478,valid,1
3786,2479,valid,0
3787,8,train,0
3788,2480,test,1
3789,8,train,0
3790,2481,train,1
3791,2482,test,0
3792,2483,train,0
3793,2484,train,0
3794,8,train,1
3795,2485,train,1
3796,2486,train,1
3797,2487,train,0
3798,8,train,0
3799,2488,train,1
3800,8,train,1
3801,2489,train,1
3802,2490,train,0
3803,2491,train,1
3804,2492,valid,0
3805,2493,test,0
3806,2494,train,0
3807,2495,valid,1
3808,2496,train,0
3809,439,train,0
3810,2497,test,1
3811,8,train,1
3812,2498,train,0
3813,2499,train,0
3814,8,train,0
3815,8,train,0
3816,2500,train,0
3817,2501,train,1
3818,2502,train,1
3819,740,train,0
3820,2503,train,0
3821,2504,train,0
3822,2505,train,0
3823,2506,train,0
3824,2507,train,0
3825,2508,train,0
3826,2509,train,1
3827,2510,train,0
3828,2511,train,0
3829,2512,valid,0
3830,1041,train,1
3831,2513,test,0
3832,405,valid,0
3833,2514,train,0
3834,2515,train,0
3835,8,train,0
3836,1457,test,0
3837,8,train,0
3838,2516,train,1
3839,2517,train,1
3840,2518,train,1
3841,8,train,0
3842,2519,train,0
3843,2520,train,0
3844,2521,train,0
3845,8,train,0
3846,2522,train,1
3847,2523,train,1
3848,2524,train,0
3849,8,train,0
3850,8,train,0
3851,2525,train,0
3852,2526,train,1
3853,2527,train,0
3854,8,train,0
3855,8,train,1
3856,305,train,0
3857,1606,train,1
3858,2528,valid,1
3859,2529,valid,0
3860,2530,test,1
3861,2531,test,0
3862,2117,train,0
3863,2532,train,0
3864,2533,train,1
3865,2534,train,1
3866,1113,train,0
3867,8,train,1
3868,833,valid,0
3869,8,train,0
3870,8,train,0
3871,2535,train,1
3872,1889,train,0
3873,2536,train,1
3874,2537,train,0
3875,2538,train,1
3876,2539,train,1
3877,336,test,1
3878,1849,train,1
3879,2540,train,1
3880,2541,train,0
3881,2542,train,1
3882,2543,train,0
3883,151,test,0
3884,2544,train,0
3885,2545,train,1
3886,2546,train,0
3887,2547,train,0
3888,2548,train,0
3889,2549,train,0
3890,2550,train,1
3891,2551,valid,1
3892,2552,valid,0
3893,2553,test,1
3894,1512,test,1
3895,8,train,0
3896,2554,train,1
3897,2555,test,0
3898,147,test,0
3899,2556,train,1
3900,1449,valid,1
3901,1597,train,0
3902,112,test,0
3903,2557,train,0
3904,115,test,0
3905,2558,train,1
3906,2559,train,0
3907,2560,train,1
3908,2561,train,0
3909,2562,train,1
3910,158,train,1
3911,2563,valid,0
3912,1549,valid,1
3913,8,train,0
3914,329,train,1
3915,2564,train,1
3916,2565,test,0
3917,2566,train,0
3918,2567,valid,1
3919,2062,train,0
3920,8,train,1
3921,2568,train,0
3922,2569,train,0
3923,2570,train,0
3924,8,train,1
3925,1009,train,1
3926,2571,test,1
3927,1160,valid,0
3928,2162,test,0
3929,2572,train,1
3930,2573,train,1
3931,2574,train,1
3932,8,train,1
3933,1480,train,1
3934,2575,valid,0
3935,8,train,1
3936,2054,test,1
3937,8,train,0
3938,2576,valid,0
3939,2577,train,1
3940,2578,valid,0
3941,2579,train,1
3942,2580,train,1
3943,8,train,0
3944,1251,test,0
3945,155,train,1
3946,2581,test,0
3947,2582,train,0
3948,2583,train,1
3949,2584,train,0
3950,506,test,1
3951,8,train,0
3952,2064,test,1
3953,2585,train,0
3954,8,train,1
3955,2586,train,0
3956,2587,train,0
3957,8,train,0
3958,2588,train,1
3959,2570,train,1
3960,2589,test,0
3961,2590,train,1
3962,8,train,0
3963,2591,valid,1
3964,2592,train,1
3965,2593,valid,0
3966,2594,train,0
3967,2595,train,0
3968,8,train,0
3969,8,train,1
3970,2596,test,1
3971,2597,train,0
3972,2598,train,0
3973,2599,train,0
3974,2600,train,0
3975,8,train,1
3976,2601,train,1
3977,2602,train,1
3978,2603,train,1
3979,2604,train,1
3980,2605,test,0
3981,2606,train,0
3982,2607,train,1
3983,2608,train,0
3984,1601,train,1
3985,1173,train,0
3986,2609,train,1
3987,2610,train,1
3988,2611,train,1
3989,8,train,0
3990,2612,valid,1
3991,8,train,0
3992,1382,train,0
3993,2613,valid,0
3994,2614,test,0
3995,8,train,0
3996,8,train,1
3997,2615,train,0
3998,2616,train,0
3999,2617,train,0
4000,2618,test,1
4001,1317,train,1
4002,2619,train,1
4003,124,train,1
4004,2620,train,0
4005,2125,train,0
4006,8,train,0
4007,8,train,0
4008,2621,train,0
4009,8,train,0
4010,1390,test,0
4011,2622,train,0
4012,2623,train,1
4013,2624,train,1
4014,2625,valid,0
4015,2626,train,0
4016,366,test,0
4017,2627,train,0
4018,2628,test,0
4019,288,valid,0
4020,930,valid,0
4021,8,train,1
4022,2629,train,1
4023,131,valid,0
4024,2630,train,1
4025,2631,valid,0
4026,2632,valid,1
4027,2633,test,0
4028,2634,train,1
4029,2635,train,1
4030,2636,train,1
4031,2637,train,0
4032,8,train,0
4033,8,train,0
4034,492,train,1
4035,2638,train,0
4036,2639,train,0
4037,150,valid,0
4038,2640,train,0
4039,8,train,0
4040,2201,train,1
4041,1629,valid,1
4042,8,train,1
4043,2641,train,0
4044,2642,train,0
4045,2643,test,1
4046,2644,train,0
4047,112,test,1
4048,2645,train,1
4049,1957,valid,1
4050,8,train,1
4051,2646,train,0
4052,8,train,1
4053,2647,train,0
4054,577,test,1
4055,2648,train,1
4056,2649,train,0
4057,8,train,1
4058,1445,train,1
4059,318,train,0
4060,2650,train,0
4061,8,train,1
4062,553,train,0
4063,2651,train,0
4064,2652,train,1
4065,2653,train,0
4066,2654,train,1
4067,8,train,0
4068,2655,train,0
4069,8,train,0
4070,2656,valid,1
4071,2657,train,0
4072,2658,train,0
4073,8,train,0
4074,2659,train,0
4075,2660,train,0
4076,1130,train,0
4077,2661,train,1
4078,2662,train,0
4079,2663,train,0
4080,2664,train,0
4081,2665,train,0
4082,8,train,1
4083,2666,train,0
4084,2667,train,0
4085,2668,train,0
4086,2669,train,1
4087,2670,train,1
4088,8,train,0
4089,8,train,0
4090,250,valid,1
4091,2671,train,0
4092,2672,train,0
4093,2673,train,0
4094,2674,test,1
4095,8,train,0
4096,2675,train,1
4097,2676,train,1
4098,2677,train,0
4099,2678,train,0
4100,2679,valid,0
4101,42,train,0
4102,2680,test,0
4103,8,train,1
4104,1585,train,1
4105,2681,train,0
4106,8,train,1
4107,56,test,0
4108,2682,train,0
4109,2683,train,1
4110,8,train,0
4111,2684,train,0
4112,2685,train,1
4113,1022,train,1
4114,549,test,0
4115,2686,train,1
4116,2687,train,0
4117,2688,train,1
4118,114,test,0
4119,2689,train,1
4120,2690,train,0
4121,2691,train,0
4122,2692,train,1
4123,1657,train,0
4124,8,train,0
4125,8,train,1
4126,2693,train,1
4127,2694,train,1
4128,2695,train,0
4129,2082,train,0
4130,1165,train,1
4131,367,test,0
4132,2696,train,1
4133,588,valid,1
4134,2697,valid,1
4135,8,train,1
4136,2698,valid,0
4137,8,train,0
4138,2699,test,1
4139,238,valid,0
4140,2700,test,0
4141,2701,train,0
4142,2702,train,0
4143,2703,train,0
4144,2704,train,0
4145,8,train,0
4146,2705,train,1
4147,2706,train,1
4148,2707,train,1
4149,8,train,0
4150,1984,train,0
4151,2708,train,0
4152,8,train,1
4153,8,train,1
4154,2709,train,0
4155,2710,train,1
4156,2711,train,1
4157,1063,test,0
4158,2712,train,1
4159,2713,train,1
4160,8,train,0
4161,2714,valid,0
4162,8,train,0
4163,2715,valid,1
4164,2716,test,1
4165,8,train,1
4166,50,train,0
4167,2717,train,1
4168,1808,valid,1
4169,2718,test,0
4170,2719,train,0
4171,2720,train,0
4172,2721,train,1
4173,2722,train,0
4174,8,train,1
4175,2723,train,0
4176,8,train,0
4177,2724,train,0
4178,2725,train,1
4179,8,train,0
4180,8,train,1
4181,2726,train,1
4182,2727,train,0
4183,2728,train,1
4184,8,train,1
4185,2729,valid,0
4186,8,train,1
4187,2730,train,1
4188,38,train,1
4189,2731,train,0
4190,2732,train,0
4191,2733,train,1
4192,2734,test,0
4193,8,train,1
4194,1193,train,0
4195,2735,train,0
4196,8,train,0
4197,367,test,1
4198,8,train,1
4199,2736,train,0
4200,1888,train,0
4201,932,train,1
4202,8,train,1
4203,2737,train,1
4204,1308,train,1
4205,2738,train,0
4206,2739,train,0
4207,8,train,1
4208,2740,valid,1
4209,2741,train,1
4210,2742,test,1
4211,2743,train,0
4212,2744,train,0
4213,841,train,0
4214,2745,train,1
4215,2746,train,1
4216,8,train,1
4217,8,train,1
4218,2747,train,1
4219,2748,train,1
4220,8,train,0
4221,2643,test,1
4222,8,train,0
4223,2635,train,0
4224,2577,train,1
4225,2749,valid,0
4226,8,train,0
4227,2750,valid,0
4228,2751,train,1
4229,2752,train,1
4230,2753,train,1
4231,2754,train,1
4232,2755,test,0
4233,2756,train,0
4234,566,valid,0
4235,2757,train,1
4236,2758,train,0
4237,155,train,0
4238,2759,valid,1
4239,2760,test,1
4240,2761,train,1
4241,2762,valid,0
4242,147,test,0
4243,2763,test,0
4244,1599,train,0
4245,8,train,0
4246,8,train,0
4247,2764,train,0
4248,2765,train,0
4249,2766,train,0
4250,2767,train,1
4251,2768,train,1
4252,2,valid,0
4253,2769,train,0
4254,2770,train,0
4255,721,test,1
4256,2771,train,1
4257,8,train,0
4258,2772,train,1
4259,2773,train,0
4260,2774,train,0
4261,2775,train,1
4262,2776,train,1
4263,2777,test,0
4264,2778,train,1
4265,2779,valid,1
4266,2780,test,0
4267,2781,valid,0
4268,2782,test,1
4269,2783,train,0
4270,2784,train,1
4271,447,train,0
4272,8,train,0
4273,2785,train,1
4274,2786,valid,0
4275,2787,train,1
4276,8,train,0
4277,8,train,1
4278,8,train,0
4279,2788,test,0
4280,2578,valid,0
4281,2789,train,0
4282,2790,train,1
4283,2791,train,1
4284,2792,train,1
4285,8,train,1
4286,2793,valid,1
4287,8,train,1
4288,8,train,0
4289,2794,train,0
4290,8,train,0
4291,2795,train,1
4292,2796,valid,0
4293,2797,test,1
4294,2798,train,0
4295,2799,train,0
4296,2800,test,0
4297,366,test,0
4298,2801,train,1
4299,2802,train,0
4300,2803,train,0
4301,8,train,0
4302,2804,train,1
4303,2805,train,0
4304,2806,train,1
4305,2807,train,0
4306,2808,train,0
4307,8,train,1
4308,566,valid,0
4309,331,train,0
4310,286,valid,1
4311,1055,valid,1
4312,8,train,0
4313,2809,train,1
4314,722,train,1
4315,1941,train,0
4316,2810,train,0
4317,1055,valid,1
4318,2811,train,1
4319,2812,train,0
4320,8,train,1
4321,8,train,0
4322,1973,train,1
4323,2813,train,0
4324,2814,train,0
4325,8,train,0
4326,2815,train,1
4327,2816,train,0
4328,2817,train,0
4329,2818,train,1
4330,2819,train,1
4331,8,train,1
4332,2820,train,0
4333,2821,valid,0
4334,2822,train,0
4335,1695,train,1
4336,2823,train,1
4337,2824,train,1
4338,8,train,0
4339,8,train,0
4340,833,valid,0
4341,2825,train,0
4342,115,test,1
4343,253,train,0
4344,8,train,1
4345,2826,train,1
4346,209,valid,0
4347,2123,train,1
4348,2827,valid,0
4349,8,train,1
4350,2828,test,0
4351,2829,train,0
4352,1287,train,0
4353,2830,valid,1
4354,2831,train,0
4355,2832,train,0
4356,1366,train,0
4357,930,valid,0
4358,2833,test,0
4359,8,train,0
4360,2834,train,1
4361,2835,train,0
4362,2836,test,1
4363,452,test,0
4364,1115,train,1
4365,2837,train,1
4366,2838,train,1
4367,2839,train,1
4368,2840,train,1
4369,2841,train,1
4370,2842,train,1
4371,2843,train,1
4372,2844,valid,1
4373,1084,train,0
4374,1850,train,1
4375,2845,test,1
4376,8,train,0
4377,354,train,1
4378,2846,valid,0
4379,8,train,1
4380,989,train,0
4381,250,valid,0
4382,2847,test,0
4383,2848,train,0
4384,2849,train,0
4385,8,train,0
4386,2850,train,0
4387,8,train,1
4388,2851,train,1
4389,2852,train,0
4390,2853,train,1
4391,1858,train,1
4392,288,valid,1
4393,2854,train,0
4394,8,train,1
4395,8,train,0
4396,2855,train,1
4397,8,train,1
4398,2856,train,0
4399,2857,train,1
4400,2858,train,1
4401,2859,valid,0
4402,2860,valid,0
4403,2861,train,1
4404,1382,train,0
4405,8,train,0
4406,2862,test,0
4407,2863,train,1
4408,8,train,1
4409,2864,train,0
4410,2865,train,0
4411,2866,train,1
4412,2867,train,1
4413,8,train,1
4414,918,train,0
4415,2868,valid,1
4416,2869,test,1
4417,8,train,0
4418,2745,train,0
4419,2870,valid,0
4420,2871,train,1
4421,2872,train,1
4422,8,train,0
4423,2873,train,1
4424,2874,test,0
4425,2875,train,0
4426,2876,train,0
4427,2877,train,1
4428,2878,train,0
4429,2879,train,0
4430,2880,train,0
4431,553,train,0
4432,2881,train,0
4433,2882,train,0
4434,8,train,0
4435,8,train,0
4436,2883,train,1
4437,2884,train,0
4438,366,test,1
4439,8,train,1
4440,2885,train,1
4441,2602,train,1
4442,2886,train,1
4443,2887,train,0
4444,8,train,0
4445,8,train,1
4446,2888,train,1
4447,2889,train,0
4448,2890,train,1
4449,8,train,1
4450,2891,train,1
4451,8,train,0
4452,1905,valid,0
4453,2892,valid,0
4454,8,train,0
4455,2893,test,0
4456,2894,train,0
4457,2895,train,1
4458,2896,train,0
4459,2897,train,0
4460,2898,train,0
4461,2899,train,0
4462,2900,train,0
4463,2901,train,0
4464,452,test,0
4465,8,train,0
4466,2902,train,0
4467,8,train,0
4468,443,valid,0
4469,2903,train,0
4470,2904,train,1
4471,2905,train,1
4472,2906,valid,1
4473,2907,test,1
4474,1837,train,0
4475,2356,train,0
4476,2908,train,0
4477,2909,train,0
4478,8,train,0
4479,2910,train,1
4480,2911,valid,0
4481,2750,valid,0
4482,2912,train,0
4483,2913,train,1
4484,2914,train,0
4485,2915,train,0
4486,8,train,0
4487,2916,train,1
4488,8,train,1
4489,2917,train,0
4490,147,test,1
4491,2918,train,0
4492,8,train,0
4493,226,train,1
4494,390,train,1
4495,8,train,0
4496,2919,train,1
4497,2920,train,0
4498,2921,train,0
4499,2922,train,0
4500,2923,train,1
4501,8,train,1
4502,2924,train,0
4503,2812,train,0
4504,2925,train,0
4505,333,train,0
4506,8,train,1
4507,2750,valid,0
4508,2926,train,0
4509,8,train,0
4510,8,train,1
4511,288,valid,1
4512,650,test,1
4513,2927,train,0
4514,2928,train,1
4515,1632,train,1
4516,8,train,1
4517,8,train,1
4518,8,train,0
4519,2929,train,1
4520,2930,train,0
4521,2931,train,0
4522,801,train,1
4523,2932,train,0
4524,8,train,0
4525,8,train,0
4526,2933,train,0
4527,2934,train,0
4528,8,train,0
4529,1230,train,0
4530,2935,train,1
4531,2936,train,1
4532,8,train,0
4533,2937,valid,0
4534,8,train,0
4535,2938,train,1
4536,2939,train,1
4537,2940,test,0
4538,2941,train,0
4539,2942,train,1
4540,2943,train,0
4541,1594,train,1
4542,8,train,1
4543,2944,train,1
4544,2945,train,0
4545,2946,train,0
4546,8,train,1
4547,2947,valid,1
4548,2948,train,0
4549,2949,train,0
4550,1867,train,0
4551,2950,train,1
4552,2951,train,0
4553,2952,test,1
4554,2953,train,0
4555,147,test,0
4556,8,train,0
4557,8,train,0
4558,2954,train,0
4559,2955,train,1
4560,2956,train,0
4561,2628,test,0
4562,8,train,1
4563,2957,train,0
4564,2958,train,0
4565,2959,train,0
4566,2960,train,1
4567,2272,train,1
4568,2961,train,0
4569,262,valid,0
4570,8,train,1
4571,2962,train,0
4572,583,train,0
4573,554,train,0
4574,2963,train,0
4575,2964,train,1
4576,2965,train,1
4577,2966,valid,0
4578,8,train,1
4579,4,test,0
4580,2967,train,1
4581,2968,test,0
4582,1669,train,1
4583,2969,train,0
4584,2970,train,0
4585,8,train,0
4586,367,test,0
4587,2971,train,1
4588,2972,train,0
4589,8,train,0
4590,2973,train,1
4591,644,train,0
4592,8,train,0
4593,8,train,0
4594,8,train,0
4595,2974,train,1
4596,8,train,0
4597,2975,train,0
4598,2976,train,0
4599,2977,train,0
4600,66,train,0
4601,2978,train,1
4602,8,train,1
4603,2979,train,0
4604,8,train,0
4605,8,train,0
4606,2980,train,0
4607,2981,train,1
4608,2982,valid,1
4609,868,train,0
4610,2983,test,1
4611,2984,test,0
4612,8,train,0
4613,375,train,1
4614,2985,train,1
4615,2986,train,1
4616,2987,train,1
4617,8,train,1
4618,8,train,0
4619,575,valid,1
4620,8,train,0
4621,8,train,0
4622,2988,train,1
4623,2989,valid,0
4624,2990,test,0
4625,8,train,1
4626,2991,train,0
4627,2992,train,1
4628,8,train,0
4629,2993,train,0
4630,2994,train,1
4631,8,train,0
4632,528,valid,0
4633,569,train,0
4634,8,train,1
4635,8,train,0
4636,577,test,0
4637,2995,train,1
4638,2996,valid,0
4639,8,train,1
4640,2997,valid,1
4641,2998,test,0
4642,8,train,0
4643,8,train,1
4644,2999,test,0
4645,1356,train,0
4646,1949,train,1
4647,3000,train,0
4648,3001,train,0
4649,3002,train,0
4650,3003,train,0
4651,3004,train,0
4652,3005,train,0
4653,3006,test,1
4654,3007,train,0
4655,3008,train,0
4656,8,train,0
4657,8,train,1
4658,8,train,0
4659,3009,train,1
4660,930,valid,0
4661,8,train,0
4662,8,train,0
4663,3010,train,1
4664,3011,train,0
4665,3012,train,0
4666,3013,train,1
4667,8,train,0
4668,2589,test,0
4669,3014,train,1
4670,3015,train,1
4671,3016,train,1
4672,1433,train,0
4673,3017,train,1
4674,8,train,0
4675,1104,train,0
4676,8,train,1
4677,3018,valid,0
4678,3019,test,0
4679,3020,train,0
4680,8,train,1
4681,3021,valid,1
4682,3022,test,1
4683,8,train,0
4684,3023,train,1
4685,3024,valid,0
4686,8,train,0
4687,3025,test,0
4688,3026,train,1
4689,3027,train,0
4690,3028,train,0
4691,3029,train,1
4692,3030,train,1
4693,8,train,1
4694,1397,train,1
4695,1660,train,0
4696,147,test,0
4697,3031,train,0
4698,341,test,0
4699,3032,train,1
4700,3033,train,0
4701,3034,train,1
4702,8,train,0
4703,3035,train,0
4704,3036,train,1
4705,3037,train,0
4706,3038,train,0
4707,1250,train,0
4708,3039,test,1
4709,8,train,1
4710,3040,train,0
4711,924,train,0
4712,3041,train,1
4713,8,train,0
4714,3042,valid,1
4715,3043,valid,0
4716,8,train,0
4717,2750,valid,0
4718,8,train,0
4719,8,train,0
4720,3044,train,0
4721,3045,test,0
4722,3046,train,0
4723,3047,train,0
4724,3048,test,1
4725,3049,train,1
4726,377,train,0
4727,3050,train,0
4728,2948,train,1
4729,8,train,1
4730,2561,train,1
4731,3051,train,1
4732,3052,train,0
4733,3053,train,0
4734,8,train,1
4735,3054,train,0
4736,2798,train,1
4737,8,train,1
4738,3055,train,0
4739,3056,train,0
4740,980,train,1
4741,3057,train,0
4742,2628,test,1
4743,3058,train,1
4744,3059,train,0
4745,3060,train,1
4746,3061,train,0
4747,925,train,1
4748,3062,train,1
4749,3063,train,1
4750,3064,train,1
4751,3065,train,1
4752,3066,train,1
4753,8,train,1
4754,463,valid,1
4755,3067,train,0
4756,3068,valid,0
4757,2851,train,1
4758,209,valid,0
4759,3069,valid,1
4760,8,train,1
4761,3070,test,0
4762,8,train,1
4763,2125,train,0
4764,8,train,0
4765,3071,train,0
4766,2750,valid,1
4767,3072,test,1
4768,441,train,1
4769,8,train,1
4770,3073,train,0
4771,3074,train,0
4772,3075,train,0
4773,8,train,1
4774,3076,train,0
4775,3077,train,0
4776,3078,train,0
4777,3079,train,0
4778,3080,train,1
4779,2413,train,0
4780,3081,train,0
4781,3082,valid,1
4782,3083,train,0
4783,288,valid,1
4784,324,train,0
4785,3084,train,0
4786,8,train,0
4787,3085,train,0
4788,8,train,1
4789,3086,train,0
4790,3087,train,0
4791,1287,train,0
4792,3088,train,0
4793,8,train,1
4794,3089,train,0
4795,8,train,1
4796,3090,train,0
4797,3091,train,1
4798,2821,valid,0
4799,1298,train,0
4800,841,train,0
4801,115,test,1
4802,3092,train,1
4803,3093,valid,0
4804,3094,train,0
4805,3095,train,1
4806,3096,train,1
4807,3097,valid,0
4808,3098,train,1
4809,2801,train,1
4810,3099,train,1
4811,1757,test,0
4812,3100,test,0
4813,3101,train,1
4814,3102,train,0
4815,3103,train,1
4816,8,train,0
4817,650,test,0
4818,3104,train,1
4819,8,train,0
4820,650,test,1
4821,8,train,1
4822,8,train,0
4823,3105,train,0
4824,3106,train,0
4825,3107,train,0
4826,3108,train,1
4827,3109,train,0
4828,1449,valid,0
4829,3110,valid,1
4830,3111,valid,0
4831,3112,test,1
4832,3113,train,1
4833,2465,train,1
4834,1597,train,0
4835,3114,test,0
4836,8,train,1
4837,8,train,0
4838,3115,train,1
4839,3116,train,0
4840,3117,train,0
4841,8,train,0
4842,3118,train,1
4843,567,train,0
4844,156,train,0
4845,3119,train,0
4846,3120,train,1
4847,3121,train,0
4848,8,train,0
4849,3122,train,1
4850,8,train,0
4851,3123,train,0
4852,3124,train,1
4853,3125,train,0
4854,3126,train,1
4855,3127,valid,1
4856,1623,train,0
4857,208,train,1
4858,3128,train,1
4859,3129,test,0
4860,3130,valid,0
4861,1169,train,1
4862,8,train,1
4863,930,valid,0
4864,3131,train,0
4865,3132,train,0
4866,1623,train,0
4867,8,train,0
4868,3133,train,0
4869,2275,train,0
4870,8,train,0
4871,3134,train,0
4872,3135,test,1
4873,8,train,0
4874,1880,train,0
4875,3136,train,0
4876,3137,train,0
4877,3138,train,1
4878,3139,train,1
4879,8,train,1
4880,2625,valid,1
4881,313,valid,0
4882,650,test,0
4883,8,train,0
4884,8,train,1
4885,3140,train,0
4886,3141,train,1
4887,8,train,0
4888,3142,train,0
4889,150,valid,1
4890,8,train,1
4891,2254,train,0
4892,3143,train,0
4893,8,train,0
4894,3144,train,1
4895,3145,train,1
4896,3146,train,0
4897,876,test,0
4898,3147,train,0
4899,2930,train,1
4900,2904,train,1
4901,3148,train,0
4902,8,train,1
4903,3149,train,1
4904,3150,train,0
4905,8,train,1
4906,8,train,0
4907,8,train,0
4908,3151,train,1
4909,3152,valid,0
4910,1449,valid,0
4911,131,valid,0
4912,3153,test,0
4913,3154,train,0
4914,3155,train,1
4915,8,train,1
4916,3156,valid,1
4917,3157,train,0
4918,3158,train,0
4919,3159,train,0
4920,1023,train,0
4921,3160,train,0
4922,3161,train,1
4923,2042,train,0
4924,3162,test,1
4925,3163,train,0
4926,341,test,0
4927,115,test,0
4928,2352,train,1
4929,3164,train,0
4930,3165,train,0
4931,8,train,1
4932,3166,train,1
4933,3167,train,1
4934,3168,train,1
4935,3169,valid,0
4936,3170,test,0
4937,3133,train,0
4938,2865,train,1
4939,3171,train,1
4940,569,train,0
4941,3172,train,0
4942,3173,train,0
4943,8,train,0
4944,3174,train,0
4945,8,train,0
4946,3175,train,1
4947,3176,train,1
4948,3177,train,0
4949,3178,train,0
4950,3179,train,1
4951,3180,train,1
4952,3181,valid,1
4953,3182,valid,0
4954,3183,train,0
4955,3184,test,1
4956,8,train,1
4957,3185,test,0
4958,3186,train,0
4959,8,train,0
4960,8,train,0
4961,3187,train,0
4962,3188,train,1
4963,3189,train,0
4964,8,train,0
4965,3190,train,0
4966,3191,train,1
4967,1071,train,1
4968,3192,train,0
4969,8,train,1
4970,1715,train,1
4971,3193,train,0
4972,3194,train,0
4973,3195,train,1
4974,3196,train,1
4975,3197,train,0
4976,2106,train,0
4977,3198,train,1
4978,3199,train,0
4979,3200,train,0
4980,3201,train,1
4981,3202,train,1
4982,3203,valid,0
4983,3204,test,0
4984,3205,valid,1
4985,366,test,0
4986,3206,train,0
4987,3207,train,0
4988,8,train,0
4989,3208,train,0
4990,3209,train,0
4991,3210,train,1
4992,3211,test,1
4993,3212,train,1
4994,3213,train,0
4995,3214,train,0
4996,3215,train,1
4997,1613,train,0
4998,3216,train,1
4999,3217,train,0
5000,187,train,1
5001,3218,train,0
5002,3219,train,0
5003,2418,train,1
5004,3220,train,0
5005,3221,train,0
5006,8,train,1
5007,1375,valid,0
5008,3222,train,0
5009,930,valid,0
5010,8,train,0
5011,4,test,0
5012,1304,train,0
5013,8,train,1
5014,8,train,1
5015,2375,valid,0
5016,3223,train,0
5017,836,train,0
5018,3224,train,0
5019,8,train,0
5020,2344,train,0
5021,3225,train,1
5022,3226,train,0
5023,3227,train,1
5024,1566,train,0
5025,3228,valid,0
5026,8,train,0
5027,3229,test,0
5028,3230,train,0
5029,3231,train,1
5030,8,train,1
5031,3232,train,0
5032,3233,train,0
5033,8,train,1
5034,3234,test,0
5035,3235,train,1
5036,347,train,0
5037,3236,train,0
5038,3237,train,0
5039,3238,train,0
5040,2082,train,0
5041,8,train,0
5042,8,train,1
5043,8,train,1
5044,3239,train,0
5045,147,test,0
5046,915,valid,1
5047,8,train,1
5048,3240,train,1
5049,8,train,1
5050,3241,train,1
5051,3242,train,0
5052,3243,valid,1
5053,3244,test,1
5054,8,train,1
5055,8,train,0
5056,8,train,0
5057,3245,valid,1
5058,1884,train,0
5059,3246,train,1
5060,8,train,1
5061,2939,train,1
5062,3247,train,1
5063,3248,valid,0
5064,1693,train,0
5065,3249,train,1
5066,4,test,1
5067,630,train,0
5068,1973,train,0
5069,3250,test,0
5070,8,train,0
5071,1350,train,1
5072,3251,train,0
5073,3187,train,0
5074,3252,train,0
5075,3253,train,1
5076,8,train,0
5077,3254,train,0
5078,8,train,1
5079,3224,train,1
5080,8,train,0
5081,2432,train,1
5082,8,train,1
5083,3255,train,1
5084,3256,train,0
5085,8,train,1
5086,3257,train,1
5087,8,train,0
5088,3258,train,0
5089,3259,train,0
5090,8,train,0
5091,3260,train,0
5092,3261,train,0
5093,3262,train,0
5094,3263,train,1
5095,3264,train,1
5096,3265,valid,1
5097,3266,test,1
5098,3267,valid,0
5099,3268,train,1
5100,3269,test,0
5101,2020,test,1
5102,292,valid,1
5103,3270,train,0
5104,3271,train,0
5105,3272,train,1
5106,3273,train,0
5107,3274,test,1
5108,3275,train,0
5109,3276,train,1
5110,1426,valid,1
5111,3277,train,0
5112,3067,train,0
5113,3278,train,1
5114,8,train,0
5115,3279,train,0
5116,3280,train,0
5117,1204,train,0
5118,3281,train,1
5119,3282,train,0
5120,3283,train,0
5121,8,train,1
5122,3284,train,1
5123,8,train,0
5124,3285,train,1
5125,1963,train,0
5126,8,train,1
5127,3286,train,1
5128,3287,valid,0
5129,3288,train,0
5130,3289,test,0
5131,8,train,0
5132,8,train,1
5133,8,train,0
5134,8,train,0
5135,189,train,0
5136,3290,train,0
5137,2568,train,1
5138,3291,train,0
5139,8,train,0
5140,3292,valid,1
5141,3293,test,1
5142,3294,train,1
5143,1862,train,0
5144,3295,train,1
5145,3296,train,1
5146,3297,train,1
5147,3298,valid,0
5148,3299,test,0
5149,3300,train,1
5150,3301,train,0
5151,288,valid,0
5152,3302,train,1
5153,8,train,0
5154,131,valid,0
5155,3303,valid,1
5156,8,train,0
5157,3304,valid,0
5158,8,train,0
5159,3305,test,1
5160,739,train,1
5161,8,train,1
5162,8,train,1
5163,3306,test,0
5164,3307,train,1
5165,3308,train,0
5166,1402,train,0
5167,8,train,0
5168,803,train,0
5169,3309,train,1
5170,3310,train,0
5171,1348,train,1
5172,3311,train,1
5173,3312,train,1
5174,2544,train,0
5175,3313,train,0
5176,759,train,0
5177,8,train,1
5178,2356,train,1
5179,566,valid,0
5180,3314,train,0
5181,8,train,0
5182,180,train,1
5183,8,train,0
5184,3315,train,0
5185,3316,train,1
5186,411,valid,1
5187,8,train,0
5188,3317,train,1
5189,2371,train,0
5190,3318,train,0
5191,597,train,1
5192,543,train,0
5193,3319,train,0
5194,3320,train,0
5195,3321,train,1
5196,3322,train,0
5197,3323,train,0
5198,1747,train,0
5199,1056,train,0
5200,3324,train,1
5201,3325,train,0
5202,3326,train,0
5203,1808,valid,1
5204,1715,train,0
5205,8,train,1
5206,3327,train,1
5207,8,train,1
5208,3328,train,0
5209,3329,train,0
5210,8,train,0
5211,387,train,0
5212,8,train,0
5213,3330,train,1
5214,3331,train,1
5215,3332,valid,0
5216,3333,valid,1
5217,8,train,0
5218,8,train,1
5219,3334,test,0
5220,1490,train,0
5221,3335,test,1
5222,3336,train,0
5223,8,train,0
5224,3337,train,0
5225,3338,train,0
5226,3339,train,1
5227,8,train,1
5228,8,train,1
5229,3340,train,0
5230,1994,valid,1
5231,3341,train,1
5232,8,train,0
5233,8,train,0
5234,3342,train,0
5235,8,train,0
5236,8,train,0
5237,8,train,0
5238,3343,train,0
5239,566,valid,1
5240,3344,train,1
5241,3345,train,0
5242,1024,train,0
5243,8,train,0
5244,3346,train,0
5245,3347,train,0
5246,366,test,1
5247,8,train,0
5248,8,train,0
5249,8,train,0
5250,8,train,0
5251,3348,train,0
5252,3349,train,1
5253,3350,train,0
5254,3351,train,0
5255,1949,train,1
5256,8,train,1
5257,3352,train,0
5258,3353,train,0
5259,8,train,0
5260,8,train,1
5261,3354,train,0
5262,8,train,0
5263,3355,train,0
5264,3356,train,1
5265,3357,train,0
5266,8,train,0
5267,3358,train,0
5268,3359,train,1
5269,8,train,1
5270,3360,train,1
5271,3361,train,1
5272,3362,train,1
5273,3363,train,1
5274,3364,valid,0
5275,8,train,0
5276,111,test,0
5277,8,train,1
5278,3365,valid,1
5279,8,train,1
5280,3366,test,0
5281,796,test,0
5282,3367,train,0
5283,3368,test,1
5284,3369,train,0
5285,8,train,1
5286,8,train,0
5287,3370,train,0
5288,3371,train,0
5289,8,train,0
5290,8,train,0
5291,3372,train,0
5292,8,train,0
5293,1637,train,1
5294,2791,train,0
5295,3373,train,0
5296,3374,train,0
5297,452,test,0
5298,112,test,0
5299,8,train,0
5300,3375,train,0
5301,3376,train,1
5302,2064,test,1
5303,3377,train,1
5304,3359,train,0
5305,8,train,0
5306,3378,train,1
5307,3379,train,1
5308,3380,train,0
5309,3381,train,1
5310,3382,train,1
5311,8,train,0
5312,3383,valid,0
5313,2741,train,1
5314,16,train,1
5315,8,train,1
5316,1428,train,1
5317,3384,test,0
5318,1345,train,1
5319,8,train,0
5320,413,train,0
5321,3385,train,0
5322,1625,test,0
5323,3386,train,1
5324,115,test,0
5325,3387,train,1
5326,8,train,1
5327,3388,train,0
5328,8,train,1
5329,8,train,1
5330,8,train,0
5331,3389,train,1
5332,3390,train,0
5333,304,test,1
5334,3391,train,0
5335,3392,train,1
5336,8,train,0
5337,3393,train,1
5338,791,train,1
5339,21,test,0
5340,8,train,1
5341,3394,train,0
5342,2992,train,1
5343,3395,train,0
5344,8,train,0
5345,3396,train,1
5346,3397,train,0
5347,336,test,0
5348,3102,train,0
5349,8,train,0
5350,3398,train,1
5351,3399,train,0
5352,8,train,1
5353,8,train,0
5354,8,train,0
5355,8,train,0
5356,3400,valid,1
5357,2750,valid,0
5358,3401,train,0
5359,3402,valid,0
5360,8,train,1
5361,3403,train,0
5362,3404,train,0
5363,3405,train,1
5364,3406,test,1
5365,3407,test,0
5366,8,train,0
5367,3408,train,0
5368,1316,train,0
5369,8,train,0
5370,150,valid,0
5371,3409,train,0
5372,2814,train,1
5373,8,train,0
5374,3410,train,1
5375,1196,train,1
5376,3411,train,0
5377,3412,train,1
5378,8,train,0
5379,3413,test,1
5380,457,train,1
5381,980,train,0
5382,3414,train,0
5383,8,train,0
5384,8,train,1
5385,3415,train,0
5386,1498,train,0
5387,3416,train,0
5388,3417,train,1
5389,324,train,0
5390,8,train,0
5391,8,train,1
5392,366,test,0
5393,8,train,0
5394,486,train,0
5395,462,test,0
5396,3418,train,0
5397,3419,train,0
5398,765,train,0
5399,3420,train,1
5400,3421,train,1
5401,3422,train,0
5402,3423,train,1
5403,3424,train,1
5404,3425,valid,0
5405,3426,test,0
5406,8,train,0
5407,3427,valid,1
5408,650,test,0
5409,3428,test,1
5410,8,train,0
5411,8,train,0
5412,3429,train,1
5413,1878,train,1
5414,8,train,0
5415,3430,train,1
5416,8,train,0
5417,3431,train,1
5418,8,train,0
5419,3432,train,1
5420,3433,train,0
5421,3434,train,1
5422,3435,train,1
5423,3436,valid,0
5424,8,train,0
5425,8,train,1
5426,3437,train,1
5427,3438,train,1
5428,8,train,1
5429,3439,test,0
5430,3440,train,0
5431,3441,train,1
5432,8,train,1
5433,3442,train,0
5434,8,train,1
5435,3443,train,0
5436,3444,train,0
5437,8,train,1
5438,1581,train,0
5439,1357,train,0
5440,8,train,1
5441,2829,train,1
5442,3445,train,1
5443,3446,train,0
5444,3447,train,0
5445,3448,train,0
5446,1543,train,1
5447,3449,train,0
5448,8,train,1
5449,8,train,1
5450,8,train,0
5451,166,valid,0
5452,3450,train,0
5453,3451,train,0
5454,1173,train,1
5455,1983,train,0
5456,8,train,0
5457,3452,train,1
5458,3453,train,0
5459,3454,train,1
5460,2125,train,0
5461,8,train,0
5462,3455,train,0
5463,3456,train,1
5464,3457,valid,1
5465,3458,train,0
5466,3459,test,1
5467,1063,test,0
5468,8,train,1
5469,3460,train,1
5470,3461,train,1
5471,2999,test,0
5472,3462,valid,0
5473,1872,train,0
5474,3463,test,0
5475,1803,train,0
5476,387,train,0
5477,3464,train,0
5478,564,train,0
5479,8,train,1
5480,1324,valid,0
5481,4,test,1
5482,8,train,1
5483,8,train,0
5484,3465,train,1
5485,3466,train,1
5486,8,train,0
5487,112,test,1
5488,1087,test,1
5489,3467,train,1
5490,3468,train,0
5491,8,train,0
5492,2632,valid,1
5493,3469,train,0
5494,3470,train,1
5495,3471,train,1
5496,8,train,0
5497,3472,train,0
5498,2207,train,0
5499,2371,train,0
5500,8,train,0
5501,8,train,0
5502,3473,train,0
5503,3474,train,1
5504,3475,train,0
5505,3476,train,0
5506,147,test,0
5507,3477,train,1
5508,341,test,0
5509,818,train,0
5510,3478,train,0
5511,3479,train,0
5512,3480,train,1
5513,3481,train,0
5514,262,valid,0
5515,8,train,1
5516,3482,train,0
5517,2139,train,0
5518,3483,train,1
5519,3484,train,1
5520,8,train,1
5521,8,train,1
5522,3485,train,0
5523,576,test,0
5524,3486,valid,1
5525,3487,train,1
5526,3488,train,1
5527,8,train,1
5528,1108,train,0
5529,3489,valid,0
5530,8,train,1
5531,3490,test,0
5532,8,train,0
5533,8,train,0
5534,2177,train,1
5535,3491,train,0
5536,593,train,1
5537,452,test,1
5538,3492,valid,1
5539,3493,train,0
5540,3494,train,0
5541,8,train,0
5542,1449,valid,1
5543,3495,test,1
5544,53,valid,0
5545,2156,train,1
5546,250,valid,0
5547,463,valid,1
5548,112,test,1
5549,3496,train,0
5550,8,train,1
5551,3497,train,0
5552,3498,train,1
5553,8,train,1
5554,3499,train,0
5555,3500,train,1
5556,3501,train,1
5557,560,train,0
5558,8,train,0
5559,3502,train,0
5560,3101,train,0
5561,3434,train,0
5562,3503,train,1
5563,3504,train,0
5564,3505,train,1
5565,8,train,0
5566,8,train,1
5567,3506,valid,0
5568,8,train,0
5569,3507,test,0
5570,3508,train,1
5571,2886,train,0
5572,8,train,0
5573,8,train,0
5574,566,valid,1
5575,3509,train,0
5576,3510,train,0
5577,3511,train,0
5578,3467,train,1
5579,205,train,0
5580,3512,train,0
5581,3513,train,0
5582,3514,train,0
5583,1128,test,0
5584,3515,train,0
5585,3516,train,0
5586,3517,train,1
5587,337,train,1
5588,3518,train,1
5589,3519,train,0
5590,3520,valid,1
5591,3521,test,1
5592,3522,train,0
5593,3523,train,0
5594,1298,train,0
5595,3524,train,0
5596,8,train,1
5597,3525,train,1
5598,452,test,1
5599,40,train,0
5600,8,train,0
5601,3526,train,0
5602,8,train,0
5603,3527,train,0
5604,3528,train,0
5605,3529,train,0
5606,3530,train,1
5607,3531,train,0
5608,584,train,1
5609,3532,train,1
5610,3533,train,0
5611,8,train,1
5612,8,train,1
5613,3534,train,0
5614,3535,train,1
5615,3536,train,1
5616,3454,train,0
5617,3537,train,0
5618,699,train,1
5619,3538,train,0
5620,3539,train,1
5621,5,train,0
5622,3540,train,1
5623,8,train,0
5624,3541,valid,0
5625,8,train,1
5626,8,train,1
5627,3542,train,1
5628,8,train,0
5629,3543,test,0
5630,2145,valid,1
5631,246,train,0
5632,8,train,0
5633,3544,train,0
5634,3545,train,0
5635,8,train,1
5636,8,train,0
5637,3546,train,0
5638,3547,train,0
5639,8,train,0
5640,131,valid,0
5641,3548,train,1
5642,3549,train,1
5643,8,train,0
5644,3550,valid,1
5645,3551,test,1
5646,3552,train,1
5647,11,train,0
5648,3553,train,1
5649,8,train,0
5650,30,train,0
5651,2677,train,1
5652,1644,train,1
5653,150,valid,1
5654,281,train,0
5655,3554,train,1
5656,8,train,1
5657,8,train,1
5658,3555,train,1
5659,8,train,0
5660,3556,train,1
5661,3557,valid,0
5662,3558,train,1
5663,3559,valid,1
5664,3560,train,1
5665,3561,test,0
5666,8,train,1
5667,3562,valid,0
5668,3563,test,0
5669,3564,test,1
5670,8,train,0
5671,8,train,0
5672,3565,train,0
5673,8,train,0
5674,3566,train,0
5675,8,train,0
5676,3567,train,0
5677,3568,train,1
5678,3569,train,0
5679,3570,train,0
5680,8,train,1
5681,2942,train,1
5682,3571,train,0
5683,3572,train,1
5684,1872,train,1
5685,3573,train,0
5686,8,train,0
5687,132,train,0
5688,3574,train,0
5689,443,valid,0
5690,3575,train,0
5691,8,train,0
5692,1697,train,0
5693,1231,train,0
5694,3576,train,0
5695,8,train,1
5696,3577,train,1
5697,3578,train,0
5698,3579,train,1
5699,115,test,0
5700,3580,train,0
5701,8,train,1
5702,2364,valid,1
5703,3581,train,1
5704,3582,train,0
5705,3583,train,0
5706,3584,train,1
5707,3585,train,1
5708,3586,valid,0
5709,8,train,0
5710,2269,train,0
5711,1351,test,0
5712,3587,train,0
5713,3588,test,0
5714,3589,train,0
5715,3590,train,0
5716,475,train,1
5717,3591,train,0
5718,114,test,0
5719,1862,train,0
5720,1642,train,1
5721,8,train,1
5722,3592,train,1
5723,924,train,0
5724,3076,train,0
5725,8,train,1
5726,8,train,1
5727,2125,train,0
5728,3593,train,0
5729,8,train,0
5730,183,test,0
5731,1549,valid,0
5732,3594,valid,1
5733,3595,test,1
5734,278,test,1
5735,3596,train,0
5736,158,train,0
5737,2745,train,0
5738,3597,train,1
5739,3598,train,1
5740,3599,train,0
5741,3600,train,0
5742,3601,train,0
5743,8,train,0
5744,3602,train,1
5745,3603,valid,0
5746,8,train,1
5747,8,train,0
5748,8,train,1
5749,3604,test,0
5750,8,train,0
5751,286,valid,1
5752,3605,train,0
5753,3606,train,0
5754,8,train,1
5755,8,train,0
5756,3607,train,0
5757,26,train,1
5758,1662,valid,0
5759,518,train,0
5760,1017,train,1
5761,3393,train,0
5762,3608,train,1
5763,8,train,1
5764,8,train,1
5765,3609,train,0
5766,3610,train,0
5767,8,train,1
5768,8,train,1
5769,3611,train,1
5770,3612,train,1
5771,3613,train,1
5772,794,test,0
5773,288,valid,0
5774,2352,train,0
5775,3614,train,1
5776,426,test,0
5777,8,train,1
5778,3615,train,0
5779,3616,train,0
5780,3617,train,1
5781,3618,train,1
5782,3619,train,0
5783,1449,valid,0
5784,1251,test,1
5785,8,train,0
5786,8,train,0
5787,8,train,0
5788,1055,valid,1
5789,8,train,0
5790,3620,train,1
5791,1742,train,0
5792,8,train,0
5793,3621,valid,0
5794,3622,train,0
5795,3623,train,0
5796,3624,train,0
5797,2809,train,1
5798,3625,train,0
5799,3626,train,1
5800,3627,train,0
5801,3628,train,0
5802,3629,valid,1
5803,3630,valid,0
5804,3128,train,0
5805,3631,train,0
5806,3632,test,1
5807,3633,test,0
5808,336,test,0
5809,3634,train,0
5810,3635,train,1
5811,3636,train,0
5812,3637,train,1
5813,3638,train,1
5814,8,train,1
5815,3639,train,0
5816,3640,train,1
5817,552,train,0
5818,3641,train,0
5819,8,train,1
5820,366,test,0
5821,3471,train,1
5822,1947,train,0
5823,3642,train,0
5824,133,train,1
5825,3643,train,0
5826,8,train,1
5827,8,train,0
5828,3644,train,0
5829,2185,train,1
5830,8,train,1
5831,3645,train,0
5832,566,valid,0
5833,3646,train,1
5834,3647,train,0
5835,3648,train,0
5836,4,test,1
5837,3649,train,0
5838,3650,train,1
5839,1527,train,1
5840,1607,train,1
5841,8,train,0
5842,3651,train,1
5843,819,test,0
5844,1540,train,1
5845,3652,train,0
5846,3653,train,0
5847,1046,train,0
5848,8,train,1
5849,3654,train,1
5850,3655,valid,0
5851,3656,test,0
5852,3657,train,0
5853,2791,train,0
5854,3658,valid,1
5855,8,train,0
5856,3659,test,1
5857,8,train,0
5858,8,train,1
5859,1141,train,1
5860,2727,train,0
5861,3660,train,1
5862,8,train,0
5863,8,train,0
5864,3661,train,0
5865,3662,train,1
5866,699,train,0
5867,8,train,0
5868,8,train,0
5869,8,train,1
5870,3663,train,0
5871,3664,train,0
5872,1317,train,0
5873,4,test,1
5874,8,train,0
5875,8,train,1
5876,3665,train,1
5877,111,test,0
5878,3666,train,1
5879,3667,valid,0
5880,8,train,0
5881,613,valid,1
5882,3668,test,0
5883,8,train,0
5884,3669,train,1
5885,166,valid,0
5886,3670,train,0
5887,8,train,1
5888,3671,train,0
5889,1566,train,0
5890,8,train,0
5891,8,train,1
5892,3672,test,0
5893,3673,train,0
5894,8,train,0
5895,8,train,0
5896,3674,train,0
5897,3675,train,1
5898,74,train,0
5899,8,train,1
5900,3676,train,0
5901,147,test,0
5902,8,train,1
5903,3677,train,0
5904,3678,train,1
5905,3679,train,0
5906,8,train,0
5907,3680,train,1
5908,8,train,0
5909,2321,train,0
5910,3681,train,1
5911,8,train,0
5912,3682,valid,1
5913,8,train,0
5914,3683,train,0
5915,3684,train,0
5916,3685,test,1
5917,3686,train,1
5918,84,valid,1
5919,3687,train,0
5920,3688,train,0
5921,3689,train,1
5922,288,valid,0
5923,3690,valid,0
5924,3487,train,1
5925,2549,train,0
5926,8,train,1
5927,366,test,1
5928,3691,test,0
5929,3692,train,0
5930,3693,train,1
5931,3694,train,0
5932,8,train,1
5933,328,test,0
5934,1808,valid,1
5935,8,train,0
5936,8,train,1
5937,3695,train,0
5938,8,train,0
5939,3696,train,0
5940,3697,train,0
5941,471,train,0
5942,3698,train,1
5943,3699,train,0
5944,8,train,1
5945,3700,train,0
5946,3701,train,0
5947,3672,test,1
5948,3702,train,0
5949,1743,train,0
5950,3669,train,0
5951,8,train,1
5952,24,test,1
5953,3703,train,0
5954,3704,train,1
5955,3705,train,1
5956,2374,train,1
5957,8,train,1
5958,3706,train,0
5959,3707,train,1
5960,3708,train,0
5961,8,train,1
5962,3709,train,1
5963,1141,train,0
5964,3710,train,0
5965,1043,train,1
5966,366,test,0
5967,8,train,1
5968,3711,train,1
5969,221,train,0
5970,2382,train,1
5971,566,valid,0
5972,8,train,0
5973,8,train,0
5974,1374,train,0
5975,3056,train,1
5976,1390,test,0
5977,3712,train,0
5978,3713,train,0
5979,3714,train,1
5980,3715,valid,0
5981,3716,test,0
5982,8,train,1
5983,3717,train,0
5984,1631,train,1
5985,8,train,1
5986,8,train,0
5987,3718,train,0
5988,1384,test,0
5989,8,train,0
5990,3719,train,0
5991,8,train,1
5992,8,train,0
5993,8,train,1
5994,3720,train,0
5995,2961,train,1
5996,2694,train,0
5997,8,train,0
5998,3721,train,0
5999,3722,valid,1
6000,2044,train,1
6001,3723,train,1
6002,3724,train,0
6003,133,train,1
6004,2272,train,1
6005,202,train,1
6006,2731,train,1
6007,99,test,1
6008,3725,train,1
6009,3726,test,1
6010,3727,train,0
6011,3728,train,0
6012,3729,train,1
6013,3730,train,0
6014,3731,train,0
6015,3732,train,1
6016,8,train,1
6017,3733,train,1
6018,3734,train,0
6019,3735,train,1
6020,3736,train,1
6021,3737,train,1
6022,3738,valid,0
6023,650,test,0
6024,1203,train,1
6025,3739,test,0
6026,893,train,0
6027,3740,train,1
6028,3741,train,0
6029,3742,train,0
6030,3743,valid,1
6031,3744,test,1
6032,3745,train,1
6033,1318,train,0
6034,3746,train,0
6035,3747,train,0
6036,209,valid,1
6037,3748,train,0
6038,3749,train,0
6039,3750,train,0
6040,2976,train,1
6041,115,test,1
6042,8,train,1
6043,1390,test,1
6044,682,train,1
6045,8,train,0
6046,150,valid,0
6047,8,train,0
6048,3446,train,1
6049,3751,train,1
6050,3752,train,1
6051,3753,train,1
6052,3754,train,0
6053,3755,train,1
6054,3756,train,1
6055,3757,valid,0
6056,3758,test,0
6057,3759,train,0
6058,3760,train,1
6059,2062,train,1
6060,3761,train,1
6061,1475,train,0
6062,8,train,1
6063,3762,train,0
6064,3763,train,0
6065,465,train,0
6066,3764,train,1
6067,3765,train,0
6068,8,train,1
6069,3766,train,1
6070,124,train,1
6071,8,train,1
6072,3767,train,0
6073,1526,train,1
6074,8,train,0
6075,3,test,1
6076,3768,train,0
6077,3769,train,1
6078,3770,train,0
6079,3771,valid,1
6080,650,test,0
6081,3772,train,0
6082,3773,test,1
6083,3774,train,0
6084,3775,train,1
6085,566,valid,0
6086,3776,train,0
6087,8,train,1
6088,3777,train,1
6089,8,train,0
6090,8,train,0
6091,8,train,0
6092,8,train,0
6093,8,train,0
6094,3778,train,0
6095,3779,train,1
6096,3780,train,0
6097,288,valid,1
6098,8,train,0
6099,3781,train,1
6100,3782,valid,0
6101,3783,train,1
6102,8,train,0
6103,3784,train,1
6104,3785,test,0
6105,8,train,0
6106,1087,test,0
6107,8,train,0
6108,1126,train,0
6109,8,train,1
6110,3786,train,1
6111,8,train,1
6112,3787,train,1
6113,387,train,0
6114,3788,train,1
6115,8,train,0
6116,3789,train,0
6117,2398,train,0
6118,3790,valid,0
6119,2331,train,1
6120,147,test,0
6121,8,train,1
6122,3791,valid,1
6123,8,train,0
6124,3792,test,0
6125,288,valid,1
6126,3793,train,0
6127,8,train,1
6128,3794,test,1
6129,3795,train,0
6130,3796,train,0
6131,3797,train,1
6132,3798,train,1
6133,3799,train,0
6134,8,train,0
6135,833,valid,0
6136,833,valid,1
6137,3800,train,0
6138,8,train,0
6139,3801,train,0
6140,8,train,0
6141,3802,train,0
6142,2834,train,0
6143,8,train,1
6144,3803,train,0
6145,3804,train,0
6146,3805,train,0
6147,3806,train,0
6148,3807,train,0
6149,1141,train,0
6150,2592,train,1
6151,3808,train,1
6152,3809,train,1
6153,2054,test,1
6154,3810,train,0
6155,8,train,0
6156,3811,train,0
6157,3812,train,0
6158,8,train,1
6159,2751,train,1
6160,3813,train,1
6161,8,train,0
6162,3814,train,0
6163,3815,train,0
6164,278,test,0
6165,726,train,0
6166,2484,train,1
6167,8,train,0
6168,3389,train,0
6169,748,train,0
6170,3816,train,0
6171,3817,valid,0
6172,3818,train,1
6173,8,train,0
6174,3819,test,0
6175,3820,train,1
6176,366,test,1
6177,8,train,0
6178,49,valid,1
6179,3821,train,0
6180,710,train,0
6181,231,train,0
6182,3822,train,0
6183,3823,train,1
6184,3824,train,1
6185,3825,train,0
6186,3826,train,0
6187,1339,train,1
6188,1264,train,1
6189,3827,train,1
6190,3828,train,0
6191,3829,train,1
6192,11,train,0
6193,4,test,1
6194,3830,valid,1
6195,2314,train,0
6196,1905,valid,0
6197,439,train,0
6198,1172,train,0
6199,3831,train,0
6200,3832,test,1
6201,3833,train,0
6202,3834,valid,0
6203,8,train,1
6204,252,train,0
6205,1656,test,1
6206,3835,test,0
6207,1068,train,0
6208,3836,train,0
6209,8,train,1
6210,8,train,0
6211,288,valid,0
6212,875,train,1
6213,3837,train,1
6214,3838,train,1
6215,3839,train,0
6216,3840,train,0
6217,3841,train,0
6218,3842,train,0
6219,3843,train,0
6220,8,train,1
6221,253,train,0
6222,3187,train,0
6223,3844,train,1
6224,3845,train,1
6225,3846,train,1
6226,3847,train,0
6227,95,test,0
6228,3848,train,1
6229,40,train,0
6230,3849,train,0
6231,3850,train,0
6232,115,test,1
6233,3851,train,0
6234,8,train,0
6235,8,train,1
6236,3852,train,0
6237,3853,valid,1
6238,3854,test,1
6239,8,train,0
6240,3855,train,1
6241,8,train,0
6242,2484,train,0
6243,3856,valid,0
6244,8,train,1
6245,8,train,0
6246,3857,train,1
6247,3858,train,1
6248,3859,test,0
6249,3860,train,0
6250,3861,train,1
6251,3862,train,0
6252,3863,train,1
6253,3864,train,1
6254,2025,valid,1
6255,3865,train,0
6256,246,train,1
6257,8,train,0
6258,3866,train,0
6259,3867,train,0
6260,3868,train,0
6261,3869,train,1
6262,3870,train,1
6263,1559,train,0
6264,220,train,1
6265,3871,train,0
6266,8,train,0
6267,1434,train,0
6268,8,train,0
6269,3872,train,1
6270,3873,valid,0
6271,288,valid,0
6272,1330,train,1
6273,8,train,0
6274,3874,test,0
6275,8,train,0
6276,553,train,0
6277,8,train,0
6278,3875,train,0
6279,3876,train,0
6280,3877,train,0
6281,8,train,1
6282,2750,valid,1
6283,3878,valid,1
6284,3879,test,1
6285,8,train,1
6286,3880,train,0
6287,111,test,0
6288,3881,train,0
6289,3313,train,1
6290,634,train,1
6291,3359,train,1
6292,8,train,0
6293,796,test,0
6294,8,train,0
6295,336,test,0
6296,3882,train,1
6297,1623,train,1
6298,3883,train,1
6299,3884,train,1
6300,3885,train,1
6301,2592,train,0
6302,1872,train,0
6303,3886,train,1
6304,3887,valid,0
6305,3888,train,1
6306,3889,train,1
6307,1602,valid,0
6308,3890,valid,1
6309,1803,train,1
6310,3891,train,1
6311,147,test,0
6312,2103,train,0
6313,2895,train,1
6314,3892,test,0
6315,3893,test,1
6316,3894,train,1
6317,3895,valid,0
6318,3896,test,0
6319,3897,train,1
6320,3898,train,0
6321,3899,train,0
6322,8,train,1
6323,3900,train,0
6324,147,test,0
6325,8,train,0
6326,3901,train,0
6327,3902,train,1
6328,3903,train,1
6329,3904,train,0
6330,3905,train,1
6331,8,train,0
6332,3906,train,0
6333,3907,train,0
6334,3908,train,0
6335,3909,train,0
6336,3910,train,0
6337,8,train,0
6338,8,train,1
6339,3911,train,0
6340,3912,train,1
6341,122,valid,0
6342,566,valid,0
6343,8,train,1
6344,1287,train,0
6345,8,train,0
6346,3913,train,0
6347,2025,valid,1
6348,3914,train,1
6349,209,valid,0
6350,1123,train,0
6351,3915,train,0
6352,2608,train,0
6353,3916,train,0
6354,1739,valid,0
6355,3917,train,0
6356,115,test,1
6357,3918,train,0
6358,2991,train,0
6359,3919,train,0
6360,3920,train,0
6361,3921,train,1
6362,3922,train,0
6363,1382,train,1
6364,8,train,0
6365,8,train,1
6366,3923,train,0
6367,3924,train,1
6368,2114,train,0
6369,1362,train,0
6370,3925,train,0
6371,3926,test,1
6372,3841,train,0
6373,296,train,0
6374,8,train,0
6375,3927,train,0
6376,372,train,1
6377,8,train,0
6378,3928,train,1
6379,3929,train,0
6380,1806,test,1
6381,3930,valid,0
6382,3931,test,0
6383,3932,valid,1
6384,3933,valid,0
6385,3934,test,1
6386,3935,train,0
6387,3936,train,1
6388,3937,train,0
6389,3938,train,0
6390,1480,train,1
6391,3939,train,0
6392,531,train,0
6393,8,train,1
6394,3940,train,1
6395,3941,train,0
6396,8,train,1
6397,8,train,0
6398,3942,train,0
6399,8,train,0
6400,1549,valid,1
6401,8,train,0
6402,1916,train,1
6403,8,train,0
6404,3943,valid,0
6405,3944,test,0
6406,3945,train,0
6407,8,train,1
6408,3946,train,1
6409,1531,train,0
6410,3947,train,1
6411,3948,train,1
6412,8,train,0
6413,3949,train,0
6414,8,train,0
6415,3950,train,1
6416,3951,train,0
6417,8,train,0
6418,214,train,0
6419,8,train,0
6420,1859,train,0
6421,8,train,1
6422,3952,train,0
6423,3953,train,0
6424,3954,valid,1
6425,788,valid,0
6426,8,train,1
6427,8,train,0
6428,3955,test,1
6429,3956,train,1
6430,2450,train,1
6431,3957,train,1
6432,3958,train,0
6433,8,train,0
6434,3959,train,0
6435,8,train,0
6436,3960,train,1
6437,1800,train,0
6438,3961,valid,0
6439,3962,train,1
6440,1595,train,1
6441,3461,train,1
6442,3963,train,0
6443,3964,test,0
6444,24,test,0
6445,704,train,1
6446,8,train,1
6447,3965,train,0
6448,1185,train,0
6449,3966,train,0
6450,114,test,0
6451,2885,train,1
6452,3967,train,0
6453,8,train,0
6454,1251,test,1
6455,3968,train,1
6456,8,train,0
6457,3969,train,0
6458,3970,train,1
6459,8,train,1
6460,1287,train,1
6461,8,train,0
6462,3971,train,0
6463,8,train,0
6464,3972,train,0
6465,3621,valid,1
6466,3973,train,0
6467,8,train,0
6468,3974,train,0
6469,3975,valid,1
6470,715,train,1
6471,8,train,0
6472,3976,test,1
6473,3977,valid,0
6474,3978,valid,0
6475,3979,train,1
6476,3980,test,0
6477,3981,train,1
6478,8,train,1
6479,3982,train,0
6480,346,train,0
6481,3983,train,1
6482,712,test,1
6483,426,test,1
6484,8,train,0
6485,8,train,1
6486,8,train,0
6487,3984,train,1
6488,3496,train,1
6489,3985,train,0
6490,8,train,0
6491,8,train,1
6492,8,train,1
6493,452,test,0
6494,3986,train,1
6495,3987,train,1
6496,3988,train,0
6497,3989,train,1
6498,3990,train,1
6499,3991,train,0
6500,8,train,1
6501,3992,train,0
6502,3993,train,1
6503,1938,train,0
6504,3994,train,0
6505,3995,train,0
6506,8,train,0
6507,3996,train,0
6508,2833,test,0
6509,8,train,0
6510,3997,train,0
6511,3998,train,1
6512,1548,train,0
6513,3999,train,1
6514,104,valid,0
6515,4000,train,1
6516,4001,train,0
6517,1483,train,1
6518,8,train,1
6519,4002,train,1
6520,8,train,1
6521,67,valid,1
6522,723,valid,0
6523,8,train,1
6524,4003,valid,0
6525,4004,test,0
6526,4005,valid,1
6527,8,train,0
6528,4006,test,0
6529,1800,train,1
6530,4007,train,0
6531,4008,test,1
6532,4009,train,1
6533,1963,train,0
6534,8,train,1
6535,1401,train,1
6536,4010,train,0
6537,554,train,0
6538,1544,test,0
6539,8,train,1
6540,8,train,1
6541,39,train,1
6542,4011,train,0
6543,1566,train,0
6544,4012,train,1
6545,4013,train,1
6546,4014,train,1
6547,8,train,0
6548,8,train,1
6549,2125,train,0
6550,4015,valid,0
6551,4016,test,0
6552,930,valid,0
6553,4017,train,1
6554,1264,train,1
6555,8,train,0
6556,4018,train,0
6557,8,train,1
6558,8,train,1
6559,4019,train,0
6560,8,train,1
6561,4020,train,1
6562,4021,train,0
6563,4022,train,0
6564,2732,train,0
6565,4023,train,0
6566,4024,valid,1
6567,3775,train,0
6568,4025,test,1
6569,1490,train,0
6570,4026,train,0
6571,8,train,0
6572,4027,train,0
6573,8,train,1
6574,1729,test,0
6575,3487,train,1
6576,8,train,1
6577,4028,train,0
6578,8,train,0
6579,4029,train,0
6580,4030,train,1
6581,8,train,0
6582,336,test,0
6583,4031,train,0
6584,1552,train,0
6585,2546,train,1
6586,4032,train,0
6587,2148,train,0
6588,8,train,0
6589,4033,train,1
6590,336,test,0
6591,2745,train,0
6592,8,train,0
6593,4034,valid,1
6594,577,test,1
6595,4035,train,0
6596,1626,train,0
6597,8,train,0
6598,2851,train,0
6599,4036,valid,0
6600,1810,train,0
6601,4037,test,0
6602,4038,train,0
6603,486,train,0
6604,8,train,1
6605,4039,train,0
6606,4040,train,0
6607,366,test,0
6608,8,train,0
6609,3978,valid,0
6610,8,train,0
6611,4041,train,0
6612,559,train,0
6613,4042,train,0
6614,147,test,0
6615,4043,train,1
6616,4044,train,0
6617,4045,train,0
6618,656,train,0
6619,1957,valid,1
6620,4046,train,1
6621,4047,train,0
6622,4048,train,0
6623,4049,valid,0
6624,4050,test,0
6625,1798,train,0
6626,4051,train,0
6627,439,train,1
6628,2833,test,0
6629,8,train,0
6630,4052,train,0
6631,8,train,0
6632,8,train,0
6633,4053,valid,1
6634,8,train,0
6635,4054,train,0
6636,4055,train,0
6637,112,test,1
6638,3382,train,0
6639,112,test,1
6640,4056,train,0
6641,4057,test,1
6642,4058,train,1
6643,4059,train,1
6644,4060,train,1
6645,1927,train,0
6646,4061,train,1
6647,8,train,1
6648,4062,train,1
6649,833,valid,0
6650,4063,train,0
6651,316,train,0
6652,2404,test,0
6653,131,valid,0
6654,4064,train,1
6655,1511,train,0
6656,8,train,1
6657,8,train,1
6658,3926,test,0
6659,1806,test,1
6660,4065,train,1
6661,1055,valid,0
6662,1449,valid,1
6663,209,valid,1
6664,2984,test,0
6665,2177,train,1
6666,8,train,0
6667,4066,train,1
6668,4067,train,0
6669,4068,train,1
6670,1130,train,1
6671,8,train,0
6672,4069,train,0
6673,4070,valid,0
6674,2661,train,1
6675,366,test,1
6676,4071,train,1
6677,8,train,0
6678,8,train,0
6679,235,test,0
6680,695,train,0
6681,3789,train,0
6682,1427,train,0
6683,4072,train,0
6684,4073,train,0
6685,4074,test,0
6686,4075,train,1
6687,4076,train,0
6688,8,train,0
6689,1585,train,0
6690,1023,train,0
6691,8,train,0
6692,8,train,0
6693,4077,train,0
6694,3288,train,0
6695,4078,train,0
6696,4079,train,0
6697,4080,train,0
6698,8,train,0
6699,1947,train,0
6700,4081,valid,1
6701,8,train,1
6702,8,train,0
6703,18,train,0
6704,8,train,0
6705,1390,test,0
6706,4082,test,1
6707,4083,train,1
6708,767,train,1
6709,1927,train,1
6710,8,train,0
6711,739,train,0
6712,4084,train,1
6713,4085,train,0
6714,4086,train,1
6715,4087,valid,0
6716,366,test,0
6717,833,valid,1
6718,8,train,0
6719,4088,test,0
6720,4089,train,1
6721,4090,train,1
6722,8,train,0
6723,4091,train,0
6724,4092,train,0
6725,8,train,0
6726,4093,train,0
6727,4094,train,0
6728,1480,train,0
6729,4095,train,1
6730,8,train,1
6731,8,train,0
6732,4096,train,1
6733,4097,train,0
6734,8,train,1
6735,8,train,1
6736,4098,train,1
6737,4099,train,1
6738,2054,test,1
6739,791,train,1
6740,2330,train,1
6741,4100,train,0
6742,2476,train,0
6743,4101,test,1
6744,4102,train,1
6745,4103,train,0
6746,2547,train,1
6747,8,train,1
6748,818,train,0
6749,4104,train,0
6750,8,train,0
6751,4105,train,0
6752,4106,train,0
6753,2911,valid,1
6754,4107,train,0
6755,8,train,1
6756,77,train,1
6757,8,train,1
6758,4108,valid,0
6759,4109,test,1
6760,4110,test,0
6761,833,valid,0
6762,8,train,0
6763,4111,train,0
6764,2865,train,1
6765,4112,train,0
6766,353,valid,0
6767,2382,train,0
6768,8,train,1
6769,3760,train,1
6770,8,train,0
6771,4113,valid,1
6772,4114,train,1
6773,4115,train,0
6774,4116,train,1
6775,4117,train,0
6776,209,valid,0
6777,4118,train,0
6778,8,train,0
6779,2422,train,0
6780,4119,train,1
6781,4120,train,1
6782,8,train,0
6783,4121,train,0
6784,8,train,1
6785,4122,train,1
6786,1637,train,0
6787,2124,train,1
6788,8,train,0
6789,4123,train,1
6790,4124,train,0
6791,2967,train,0
6792,8,train,0
6793,8,train,0
6794,4125,valid,0
6795,8,train,1
6796,4126,valid,1
6797,8,train,0
6798,1973,train,0
6799,4127,test,0
6800,390,train,0
6801,1054,train,1
6802,8,train,0
6803,4,test,1
6804,476,train,0
6805,549,test,1
6806,131,valid,0
6807,4128,train,0
6808,4129,train,0
6809,8,train,1
6810,8,train,1
6811,4130,train,0
6812,4131,train,0
6813,1698,train,0
6814,1800,train,0
6815,4132,test,1
6816,147,test,0
6817,4133,train,1
6818,1636,test,0
6819,4134,train,1
6820,4135,train,0
6821,4136,valid,0
6822,4137,test,0
6823,1861,train,1
6824,4138,train,0
6825,4139,train,0
6826,4140,train,0
6827,4141,valid,1
6828,4142,train,0
6829,3413,test,0
6830,4143,train,0
6831,2860,valid,0
6832,4144,test,1
6833,1639,train,1
6834,4145,train,0
6835,8,train,0
6836,4146,valid,0
6837,4147,test,0
6838,8,train,1
6839,4148,train,1
6840,1055,valid,0
6841,4119,train,0
6842,8,train,1
6843,4149,train,1
6844,4150,train,1
6845,8,train,0
6846,4151,train,1
6847,8,train,1
6848,8,train,0
6849,4152,train,0
6850,704,train,0
6851,922,valid,1
6852,8,train,0
6853,4153,train,1
6854,8,train,1
6855,4154,train,0
6856,362,train,0
6857,4155,train,1
6858,27,train,0
6859,452,test,1
6860,1287,train,1
6861,1880,train,1
6862,4156,train,1
6863,3000,train,1
6864,2424,train,1
6865,8,train,1
6866,8,train,0
6867,4157,train,0
6868,4158,train,0
6869,4159,train,0
6870,2575,valid,0
6871,151,test,1
6872,4160,train,0
6873,4161,train,1
6874,4162,train,1
6875,4163,train,1
6876,8,train,0
6877,8,train,0
6878,4164,train,1
6879,8,train,1
6880,1742,train,0
6881,4165,train,1
6882,173,train,1
6883,8,train,0
6884,1287,train,0
6885,8,train,0
6886,4166,train,0
6887,4167,train,0
6888,4168,train,1
6889,286,valid,1
6890,1055,valid,1
6891,224,valid,0
6892,4169,train,0
6893,4170,train,0
6894,4171,train,0
6895,4172,valid,1
6896,4173,test,1
6897,2352,train,0
6898,4174,valid,0
6899,4175,test,0
6900,559,train,0
6901,4176,train,0
6902,4177,train,0
6903,305,train,1
6904,4178,train,0
6905,4179,train,1
6906,4180,train,1
6907,4181,train,0
6908,8,train,0
6909,4182,train,0
6910,187,train,0
6911,8,train,1
6912,8,train,1
6913,4183,train,0
6914,4184,train,0
6915,4185,train,1
6916,3813,train,1
6917,4186,train,0
6918,1992,train,1
6919,4187,train,1
6920,4188,train,1
6921,8,train,0
6922,8,train,1
6923,4189,train,0
6924,4190,train,1
6925,4191,train,1
6926,151,test,1
6927,4192,train,0
6928,4193,train,1
6929,8,train,0
6930,4194,valid,0
6931,4195,test,0
6932,1703,train,0
6933,8,train,1
6934,604,test,1
6935,4196,train,0
6936,8,train,0
6937,4197,train,0
6938,458,valid,1
6939,722,train,0
6940,8,train,0
6941,8,train,0
6942,8,train,1
6943,2861,train,0
6944,2465,train,1
6945,3752,train,0
6946,3909,train,1
6947,952,test,1
6948,1087,test,0
6949,4198,train,0
6950,4199,train,0
6951,8,train,0
6952,4200,train,1
6953,4201,train,0
6954,4202,train,0
6955,597,train,1
6956,4203,train,0
6957,4204,valid,1
6958,4205,test,1
6959,1314,train,0
6960,4206,train,1
6961,3639,train,0
6962,4207,valid,0
6963,4208,train,1
6964,8,train,0
6965,8,train,0
6966,4209,train,1
6967,2079,test,1
6968,4210,test,0
6969,2207,train,0
6970,8,train,1
6971,4211,test,0
6972,4212,train,1
6973,1366,train,0
6974,1428,train,1
6975,2407,train,0
6976,8,train,1
6977,4213,train,1
6978,4214,train,1
6979,4215,train,0
6980,4216,train,1
6981,4217,train,0
6982,8,train,1
6983,4218,train,0
6984,4219,train,0
6985,221,train,1
6986,8,train,1
6987,4220,train,0
6988,4221,valid,1
6989,246,train,1
6990,8,train,0
6991,4222,test,1
6992,4223,train,0
6993,8,train,0
6994,4224,train,1
6995,4225,train,0
6996,3082,valid,1
6997,8,train,0
6998,4226,train,1
6999,4227,valid,0
7000,8,train,0
7001,4228,train,1
7002,8,train,1
7003,952,test,0
7004,4229,train,0
7005,4230,train,1
7006,4231,test,0
7007,4232,train,0
7008,4233,train,0
7009,2314,train,1
7010,4234,train,1
7011,4235,train,0
7012,1798,train,0
7013,8,train,0
7014,3145,train,0
7015,8,train,0
7016,4236,train,0
7017,4237,train,0
7018,1264,train,0
7019,4238,train,0
7020,4239,train,1
7021,4240,train,0
7022,3393,train,1
7023,438,train,1
7024,4241,train,0
7025,192,train,1
7026,8,train,0
7027,3274,test,1
7028,1121,train,1
7029,8,train,1
7030,1251,test,0
7031,667,train,0
7032,8,train,0
7033,8,train,0
7034,4242,train,0
7035,4243,valid,1
7036,4244,test,1
7037,4245,valid,0
7038,1248,test,1
7039,4246,test,0
7040,3245,valid,0
7041,4247,train,0
7042,1811,train,0
7043,4248,train,1
7044,993,test,1
7045,1497,train,0
7046,4249,train,0
7047,4250,train,1
7048,4251,train,0
7049,4252,train,0
7050,4253,train,0
7051,183,test,0
7052,4254,train,0
7053,4255,train,0
7054,4256,valid,0
7055,8,train,0
7056,8,train,0
7057,4257,train,1
7058,2096,train,0
7059,8,train,1
7060,4258,train,1
7061,8,train,0
7062,4259,train,1
7063,1815,test,1
7064,4260,train,1
7065,4261,train,1
7066,4262,train,0
7067,4263,test,0
7068,8,train,0
7069,4264,train,1
7070,4265,train,0
7071,4266,train,0
7072,4267,train,0
7073,3933,valid,1
7074,4268,train,0
7075,4269,train,0
7076,4270,valid,1
7077,4271,test,1
7078,4272,train,0
7079,49,valid,1
7080,4273,train,1
7081,8,train,0
7082,3003,train,0
7083,4274,train,1
7084,4275,train,0
7085,8,train,1
7086,8,train,1
7087,4276,train,0
7088,4277,train,1
7089,8,train,0
7090,4278,train,1
7091,8,train,1
7092,4279,train,0
7093,4280,train,1
7094,4281,train,1
7095,4282,train,0
7096,1662,valid,0
7097,8,train,0
7098,131,valid,1
7099,4283,train,0
7100,8,train,0
7101,4284,valid,0
7102,4285,train,1
7103,4286,train,1
7104,8,train,0
7105,8,train,1
7106,4287,train,0
7107,1141,train,0
7108,4288,test,0
7109,4289,train,0
7110,748,train,0
7111,2534,train,0
7112,209,valid,1
7113,4290,train,1
7114,2201,train,1
7115,8,train,0
7116,250,valid,1
7117,4291,train,0
7118,4292,train,0
7119,8,train,1
7120,4293,train,0
7121,4294,train,0
7122,4295,train,1
7123,4296,train,1
7124,3145,train,1
7125,4297,train,0
7126,3380,train,0
7127,2939,train,1
7128,1692,valid,1
7129,4298,train,0
7130,4299,train,0
7131,99,test,0
7132,238,valid,0
7133,4300,valid,1
7134,1563,train,1
7135,183,test,1
7136,4301,test,1
7137,1995,train,0
7138,8,train,0
7139,8,train,1
7140,8,train,0
7141,4302,train,1
7142,969,train,0
7143,4149,train,0
7144,170,train,0
7145,560,train,0
7146,4303,valid,0
7147,8,train,0
7148,4304,train,1
7149,4305,train,1
7150,4306,train,1
7151,11,train,1
7152,8,train,0
7153,8,train,1
7154,2622,train,1
7155,4307,train,0
7156,2833,test,0
7157,2939,train,0
7158,8,train,0
7159,4308,train,1
7160,8,train,0
7161,1130,train,1
7162,4309,test,0
7163,1351,test,1
7164,1251,test,0
7165,1580,valid,1
7166,4310,train,1
7167,250,valid,1
7168,4311,train,1
7169,8,train,1
7170,4312,train,1
7171,872,train,0
7172,4313,train,0
7173,8,train,0
7174,147,test,0
7175,4314,train,1
7176,48,train,1
7177,8,train,0
7178,4315,valid,0
7179,4316,train,0
7180,8,train,0
7181,4317,train,0
7182,4318,train,1
7183,8,train,0
7184,8,train,1
7185,4319,train,1
7186,8,train,1
7187,4320,train,0
7188,8,train,0
7189,4321,train,0
7190,4322,train,0
7191,4323,train,0
7192,8,train,0
7193,4324,train,1
7194,8,train,0
7195,4325,train,0
7196,3723,train,1
7197,8,train,0
7198,1055,valid,0
7199,4326,train,1
7200,4327,train,1
7201,4328,train,1
7202,1427,train,1
7203,1058,train,0
7204,331,train,0
7205,4329,train,1
7206,4330,train,0
7207,4331,train,1
7208,8,train,1
7209,4332,train,0
7210,8,train,0
7211,4333,valid,1
7212,4334,valid,0
7213,4335,test,1
7214,4336,test,0
7215,4337,train,1
7216,8,train,1
7217,4338,train,0
7218,4339,test,0
7219,3618,train,1
7220,4340,train,1
7221,250,valid,1
7222,4341,train,0
7223,8,train,0
7224,2013,train,0
7225,372,train,0
7226,2777,test,1
7227,4342,train,1
7228,4343,train,1
7229,3418,train,0
7230,4344,train,0
7231,4345,train,0
7232,1596,train,0
7233,2105,train,1
7234,158,train,0
7235,4346,train,0
7236,8,train,0
7237,814,train,0
7238,4347,train,1
7239,288,valid,0
7240,8,train,0
7241,2853,train,0
7242,8,train,0
7243,4348,train,1
7244,4349,valid,0
7245,4350,test,0
7246,4351,train,0
7247,4352,train,0
7248,635,train,1
7249,4353,valid,1
7250,4354,test,1
7251,4355,train,0
7252,4356,train,1
7253,1348,train,1
7254,8,train,0
7255,8,train,0
7256,4101,test,1
7257,4357,train,0
7258,4358,train,1
7259,115,test,1
7260,8,train,0
7261,8,train,1
7262,4359,train,0
7263,4360,train,0
7264,8,train,1
7265,8,train,1
7266,8,train,1
7267,4361,train,0
7268,4362,train,1
7269,576,test,1
7270,4363,train,0
7271,4364,train,0
7272,1994,valid,1
7273,8,train,0
7274,8,train,0
7275,989,train,1
7276,8,train,1
7277,4365,train,0
7278,564,train,0
7279,4366,train,0
7280,8,train,0
7281,4367,train,0
7282,4368,valid,0
7283,8,train,1
7284,4369,train,1
7285,8,train,0
7286,3575,train,0
7287,566,valid,0
7288,8,train,0
7289,4370,train,1
7290,187,train,0
7291,4371,train,0
7292,796,test,0
7293,8,train,1
7294,3926,test,1
7295,4372,train,1
7296,8,train,1
7297,4373,test,0
7298,2262,train,1
7299,1130,train,0
7300,2064,test,1
7301,328,test,0
7302,4374,train,1
7303,3345,train,0
7304,4375,train,1
7305,2213,train,1
7306,3172,train,0
7307,8,train,1
7308,4376,train,1
7309,4377,train,0
7310,4378,train,1
7311,4379,train,0
7312,4380,train,0
7313,4381,train,0
7314,8,train,0
7315,115,test,0
7316,4382,train,0
7317,8,train,1
7318,4383,train,1
7319,4384,train,0
7320,4385,train,0
7321,4386,valid,1
7322,4387,train,0
7323,168,train,0
7324,4388,test,1
7325,4389,train,1
7326,567,train,0
7327,3417,train,0
7328,706,train,0
7329,4390,valid,0
7330,1632,train,0
7331,4391,test,0
7332,8,train,1
7333,8,train,1
7334,1888,train,0
7335,8,train,0
7336,8,train,0
7337,4392,train,1
7338,989,train,1
7339,2745,train,0
7340,4393,train,1
7341,8,train,0
7342,209,valid,0
7343,4394,train,0
7344,2175,test,1
7345,8,train,0
7346,4395,train,1
7347,4396,train,0
7348,4397,train,0
7349,8,train,0
7350,3093,valid,0
7351,8,train,0
7352,4398,train,0
7353,4399,train,1
7354,8,train,0
7355,4400,train,0
7356,804,train,1
7357,1350,train,0
7358,8,train,0
7359,1788,train,0
7360,4401,train,0
7361,4402,train,1
7362,4403,train,0
7363,4404,train,1
7364,1875,train,1
7365,8,train,0
7366,4405,train,0
7367,8,train,1
7368,4406,train,0
7369,2458,train,0
7370,4407,train,0
7371,77,train,0
7372,4408,train,0
7373,8,train,1
7374,4409,valid,0
7375,4410,test,0
7376,4411,valid,1
7377,4412,test,1
7378,4413,train,0
7379,4414,train,0
7380,4415,train,0
7381,1894,valid,1
7382,4416,train,1
7383,4417,train,1
7384,8,train,0
7385,112,test,1
7386,8,train,0
7387,4418,train,0
7388,3777,train,1
7389,4419,train,0
7390,8,train,1
7391,4420,train,0
7392,396,valid,1
7393,8,train,0
7394,2201,train,0
7395,4421,train,1
7396,8,train,0
7397,114,test,0
7398,795,train,1
7399,1858,train,1
7400,4422,train,0
7401,4423,train,1
7402,8,train,0
7403,4424,train,0
7404,1650,train,0
7405,4425,train,1
7406,2809,train,0
7407,4426,valid,0
7408,1540,train,1
7409,8,train,1
7410,577,test,0
7411,4427,train,1
7412,4428,test,0
7413,8,train,0
7414,1973,train,0
7415,4429,train,0
7416,4430,train,1
7417,4431,train,0
7418,4432,train,0
7419,8,train,1
7420,4433,train,1
7421,4434,train,0
7422,4435,train,0
7423,4436,train,0
7424,4437,train,0
7425,4438,train,0
7426,850,train,1
7427,8,train,0
7428,4439,train,0
7429,115,test,0
7430,367,test,1
7431,4440,valid,0
7432,2801,train,1
7433,8,train,1
7434,4441,test,1
7435,795,train,1
7436,526,valid,0
7437,8,train,0
7438,4442,valid,1
7439,4443,test,0
7440,1082,train,0
7441,8,train,1
7442,150,valid,0
7443,4444,train,0
7444,253,train,0
7445,4445,train,0
7446,8,train,1
7447,4446,train,0
7448,2568,train,0
7449,4447,train,0
7450,4448,train,0
7451,752,train,0
7452,4449,valid,1
7453,3652,train,0
7454,4450,valid,0
7455,1807,train,0
7456,8,train,1
7457,4451,test,0
7458,8,train,1
7459,4452,train,0
7460,4453,train,0
7461,4454,train,0
7462,4455,train,0
7463,3486,valid,0
7464,1657,train,0
7465,115,test,0
7466,4456,train,0
7467,4457,test,1
7468,8,train,0
7469,4458,train,0
7470,4459,train,1
7471,4460,train,0
7472,124,train,0
7473,2547,train,0
7474,4461,train,1
7475,4462,valid,0
7476,2386,train,1
7477,1123,train,0
7478,4463,train,1
7479,1475,train,0
7480,4464,test,0
7481,4465,train,1
7482,8,train,0
7483,8,train,1
7484,8,train,1
7485,8,train,1
7486,8,train,1
7487,4466,train,1
7488,4467,train,1
7489,4468,train,0
7490,336,test,1
7491,1697,train,0
7492,4469,train,0
7493,4470,train,0
7494,8,train,0
7495,4471,train,0
7496,4472,train,0
7497,4473,valid,1
7498,2526,train,0
7499,4474,test,1
7500,1141,train,1
7501,4475,train,0
7502,4476,train,1
7503,8,train,0
7504,4477,train,0
7505,4478,valid,0
7506,4479,train,1
7507,4480,test,0
7508,272,train,1
7509,4481,train,0
7510,8,train,0
7511,3487,train,1
7512,796,test,1
7513,4482,train,1
7514,4483,train,1
7515,8,train,1
7516,8,train,0
7517,4484,train,0
7518,4485,train,0
7519,4486,train,1
7520,4487,train,1
7521,4488,train,1
7522,8,train,1
7523,4489,valid,1
7524,1289,train,0
7525,1559,train,0
7526,4490,train,1
7527,4491,train,0
7528,8,train,0
7529,4492,train,0
7530,4,test,1
7531,8,train,1
7532,8,train,1
7533,4493,train,0
7534,8,train,0
7535,1390,test,1
7536,4494,train,1
7537,4495,train,1
7538,4496,train,0
7539,1579,train,0
7540,8,train,1
7541,4497,train,1
7542,8,train,0
7543,1549,valid,0
7544,286,valid,0
7545,1729,test,0
7546,4498,train,0
7547,4499,train,1
7548,4500,train,1
7549,336,test,0
7550,4501,train,1
7551,4502,train,0
7552,4503,train,1
7553,8,train,0
7554,4504,train,1
7555,3322,train,1
7556,8,train,1
7557,2799,train,0
7558,4505,train,1
7559,4506,train,0
7560,4507,train,0
7561,4508,train,0
7562,4509,valid,1
7563,4510,valid,0
7564,4511,test,1
7565,4512,train,1
7566,8,train,1
7567,1585,train,1
7568,2323,train,0
7569,4513,train,1
7570,8,train,0
7571,4514,test,0
7572,4515,train,1
7573,4516,train,0
7574,8,train,1
7575,4517,train,0
7576,2652,train,1
7577,4518,train,0
7578,2913,train,1
7579,4519,train,1
7580,8,train,0
7581,707,train,0
7582,4520,train,1
7583,1870,train,1
7584,4521,train,1
7585,4522,train,0
7586,1867,train,1
7587,4523,train,0
7588,4524,train,0
7589,4525,train,1
7590,4526,train,0
7591,8,train,0
7592,8,train,1
7593,512,test,0
7594,4527,train,0
7595,8,train,1
7596,2939,train,0
7597,4528,train,1
7598,4529,train,0
7599,4530,train,1
7600,8,train,1
7601,8,train,0
7602,4531,train,0
7603,8,train,1
7604,4532,valid,0
7605,8,train,1
7606,253,train,0
7607,4533,test,0
7608,4534,train,0
7609,8,train,0
7610,4535,train,0
7611,16,train,0
7612,2175,test,1
7613,4536,train,1
7614,3575,train,1
7615,8,train,0
7616,4537,valid,1
7617,4538,train,0
7618,4539,train,1
7619,4540,train,0
7620,4287,train,1
7621,8,train,0
7622,4541,train,0
7623,4542,test,1
7624,543,train,0
7625,4543,train,1
7626,8,train,0
7627,4544,train,1
7628,4545,train,1
7629,1898,train,0
7630,4546,train,0
7631,1841,train,0
7632,8,train,0
7633,4547,valid,0
7634,1448,test,1
7635,4548,test,0
7636,8,train,1
7637,8,train,0
7638,3494,train,1
7639,4549,train,0
7640,363,train,1
7641,704,train,0
7642,1883,train,0
7643,552,train,0
7644,4550,train,1
7645,4551,train,1
7646,8,train,0
7647,1344,train,1
7648,8,train,1
7649,3007,train,0
7650,8,train,0
7651,4552,train,0
7652,4553,train,0
7653,4554,train,0
7654,4555,train,0
7655,4556,train,0
7656,209,valid,1
7657,4557,train,0
7658,4558,train,1
7659,4559,valid,1
7660,8,train,0
7661,4560,valid,0
7662,4561,train,0
7663,8,train,0
7664,4562,test,1
7665,4563,test,0
7666,4564,train,1
7667,3226,train,1
7668,549,test,1
7669,4565,train,1
7670,1595,train,1
7671,4566,train,0
7672,4567,train,1
7673,4568,train,1
7674,4569,train,1
7675,4570,train,0
7676,4571,train,0
7677,8,train,0
7678,8,train,0
7679,4572,train,0
7680,4573,train,0
7681,4574,train,1
7682,8,train,1
7683,4575,train,0
7684,4576,valid,1
7685,903,train,0
7686,4577,valid,0
7687,8,train,0
7688,4578,test,1
7689,8,train,0
7690,4579,train,1
7691,4580,test,0
7692,664,valid,0
7693,4581,train,1
7694,4582,train,0
7695,8,train,1
7696,4583,train,0
7697,4584,train,1
7698,4585,train,0
7699,4586,train,0
7700,4034,valid,1
7701,4587,train,0
7702,24,test,0
7703,288,valid,0
7704,353,valid,1
7705,4588,train,1
7706,286,valid,1
7707,4589,train,0
7708,3652,train,0
7709,8,train,0
7710,4590,train,0
7711,4591,train,1
7712,4592,train,0
7713,8,train,1
7714,1157,train,0
7715,4593,train,1
7716,4594,train,1
7717,4595,train,0
7718,4596,train,1
7719,4597,train,1
7720,4598,train,0
7721,426,test,0
7722,1607,train,0
7723,4599,train,0
7724,4267,train,0
7725,4600,train,0
7726,486,train,1
7727,768,train,0
7728,8,train,1
7729,8,train,1
7730,4601,train,1
7731,4602,train,0
7732,4603,train,1
7733,4604,train,0
7734,1813,train,1
7735,8,train,1
7736,1875,train,0
7737,1251,test,1
7738,4605,train,1
7739,3096,train,0
7740,4606,valid,0
7741,4607,test,0
7742,1867,train,1
7743,4608,train,0
7744,4609,train,0
7745,8,train,0
7746,4610,valid,1
7747,4611,train,1
7748,4612,train,0
7749,3725,train,0
7750,8,train,1
7751,482,train,0
7752,4613,train,0
7753,4614,train,0
7754,4615,valid,0
7755,1087,test,1
7756,658,train,0
7757,4026,train,0
7758,8,train,0
7759,4616,train,0
7760,4617,train,0
7761,413,train,0
7762,8,train,0
7763,4618,test,1
7764,4619,test,0
7765,4458,train,1
7766,4620,train,0
7767,8,train,0
7768,4621,train,0
7769,8,train,1
7770,2079,test,1
7771,1527,train,0
7772,1840,train,1
7773,1802,train,0
7774,516,train,0
7775,4622,train,0
7776,4623,valid,1
7777,4624,test,1
7778,8,train,1
7779,4625,train,1
7780,1193,train,1
7781,3379,train,0
7782,8,train,0
7783,8,train,1
7784,4626,train,0
7785,3074,train,0
7786,4627,train,1
7787,553,train,0
7788,3322,train,0
7789,4628,train,1
7790,1390,test,1
7791,4629,valid,0
7792,4630,train,1
7793,4631,train,0
7794,8,train,0
7795,4632,test,0
7796,8,train,0
7797,8,train,0
7798,2984,test,0
7799,4633,train,0
7800,566,valid,1
7801,4634,train,1
7802,4635,train,0
7803,650,test,1
7804,4636,train,0
7805,8,train,0
7806,8,train,0
7807,4637,train,0
7808,8,train,0
7809,8,train,1
7810,672,train,1
7811,8,train,0
7812,4638,train,0
7813,4639,train,1
7814,4640,train,0
7815,4641,train,0
7816,8,train,0
7817,8,train,0
7818,4642,train,0
7819,4643,valid,0
7820,1478,train,0
7821,4644,test,0
7822,2865,train,1
7823,1766,train,1
7824,4645,valid,1
7825,3694,train,0
7826,4646,train,0
7827,1912,train,0
7828,305,train,0
7829,8,train,0
7830,4647,test,1
7831,2850,train,0
7832,2745,train,1
7833,8,train,0
7834,8,train,1
7835,4648,train,1
7836,4649,train,1
7837,4200,train,1
7838,4650,train,1
7839,4651,train,1
7840,1316,train,1
7841,8,train,0
7842,4652,train,0
7843,4653,train,0
7844,8,train,1
7845,4539,train,0
7846,4114,train,0
7847,262,valid,1
7848,8,train,0
7849,250,valid,0
7850,2806,train,1
7851,4654,train,0
7852,4655,train,1
7853,288,valid,1
7854,67,valid,1
7855,8,train,0
7856,4656,train,1
7857,4657,train,0
7858,4658,test,1
7859,4659,train,1
7860,8,train,1
7861,8,train,0
7862,147,test,0
7863,4660,train,0
7864,4661,train,0
7865,4662,train,0
7866,4663,train,1
7867,4664,valid,0
7868,8,train,0
7869,8,train,1
7870,8,train,1
7871,4665,train,1
7872,8,train,0
7873,492,train,1
7874,4666,train,0
7875,4667,train,0
7876,16,train,0
7877,8,train,0
7878,8,train,0
7879,4668,test,0
7880,8,train,0
7881,4669,train,0
7882,4670,train,0
7883,8,train,0
7884,115,test,0
7885,4671,train,0
7886,1808,valid,0
7887,4672,train,0
7888,4673,valid,1
7889,3,test,0
7890,1174,train,1
7891,4674,test,1
7892,8,train,1
7893,8,train,0
7894,4675,train,1
7895,4676,train,0
7896,8,train,1
7897,4677,train,1
7898,8,train,0
7899,4678,train,0
7900,3401,train,1
7901,8,train,0
7902,1739,valid,1
7903,4679,valid,0
7904,1549,valid,0
7905,4680,test,0
7906,8,train,1
7907,566,valid,1
7908,4021,train,1
7909,4681,train,1
7910,454,train,0
7911,8,train,0
7912,3312,train,0
7913,4682,train,1
7914,4683,train,1
7915,4684,train,1
7916,4685,train,0
7917,2821,valid,0
7918,2213,train,0
7919,3487,train,0
7920,8,train,1
7921,8,train,0
7922,3518,train,0
7923,1317,train,0
7924,4686,train,1
7925,4687,train,1
7926,288,valid,0
7927,4688,train,0
7928,4689,train,0
7929,8,train,1
7930,4690,train,0
7931,1590,train,1
7932,4691,train,1
7933,8,train,1
7934,4692,train,1
7935,3516,train,1
7936,4693,train,1
7937,4694,train,0
7938,1417,train,0
7939,715,train,0
7940,147,test,0
7941,8,train,1
7942,8,train,1
7943,4695,train,0
7944,8,train,1
7945,4696,train,0
7946,4667,train,0
7947,4697,train,1
7948,4698,train,0
7949,4699,train,0
7950,4700,valid,1
7951,4701,valid,0
7952,4702,test,1
7953,8,train,0
7954,4703,test,0
7955,4704,train,1
7956,4705,train,1
7957,3234,test,0
7958,4706,train,1
7959,4707,train,0
7960,4708,train,1
7961,8,train,0
7962,4709,train,1
7963,4710,train,0
7964,8,train,0
7965,1316,train,1
7966,4711,train,0
7967,115,test,1
7968,8,train,0
7969,4119,train,1
7970,4712,train,0
7971,3712,train,0
7972,8,train,0
7973,4351,train,0
7974,458,valid,0
7975,577,test,1
7976,4713,train,0
7977,8,train,0
7978,4714,train,0
7979,131,valid,1
7980,221,train,0
7981,4715,train,1
7982,1613,train,0
7983,4716,train,0
7984,4717,train,1
7985,4718,train,0
7986,4719,train,0
7987,8,train,1
7988,4720,train,1
7989,4721,train,0
7990,4722,train,1
7991,4723,train,1
7992,4724,train,1
7993,8,train,1
7994,4725,train,0
7995,4182,train,1
7996,8,train,0
7997,8,train,0
7998,4726,train,1
7999,8,train,1
8000,4727,train,0
8001,4728,train,1
8002,4729,train,0
8003,756,train,1
8004,2808,train,1
8005,4730,valid,0
8006,4211,test,1
8007,1512,test,0
8008,4731,test,0
8009,4732,train,0
8010,4733,valid,1
8011,2185,train,1
8012,4734,test,1
8013,4735,train,1
8014,4736,train,0
8015,4737,train,0
8016,4738,train,0
8017,1766,train,1
8018,4739,train,0
8019,4740,valid,0
8020,4372,train,1
8021,4,test,0
8022,4741,train,1
8023,4742,train,1
8024,4743,train,0
8025,1366,train,0
8026,8,train,0
8027,4744,train,1
8028,4745,train,0
8029,3044,train,0
8030,4746,test,0
8031,4747,train,1
8032,4748,train,1
8033,566,valid,0
8034,4749,train,0
8035,4750,train,0
8036,4558,train,1
8037,4751,train,1
8038,8,train,1
8039,4752,train,0
8040,4611,train,0
8041,8,train,1
8042,8,train,1
8043,8,train,0
8044,1007,train,1
8045,4753,valid,1
8046,8,train,1
8047,4754,train,0
8048,4755,test,1
8049,4574,train,0
8050,4756,train,1
8051,3860,train,1
8052,4757,train,1
8053,4758,train,0
8054,613,valid,0
8055,4759,train,1
8056,4387,train,1
8057,111,test,0
8058,187,train,1
8059,4760,train,0
8060,4,test,1
8061,4761,train,0
8062,8,train,0
8063,4762,train,1
8064,4763,valid,0
8065,4004,test,0
8066,4764,train,1
8067,4765,train,0
8068,8,train,0
8069,8,train,0
8070,4766,train,0
8071,650,test,0
8072,4767,train,1
8073,8,train,1
8074,8,train,0
8075,4768,train,1
8076,4769,test,0
8077,4770,train,0
8078,3621,valid,1
8079,131,valid,1
8080,8,train,1
8081,8,train,0
8082,4771,train,0
8083,8,train,0
8084,4772,train,1
8085,4773,train,0
8086,8,train,0
8087,1613,train,1
8088,788,valid,1
8089,8,train,1
8090,1841,train,1
8091,268,train,1
8092,833,valid,0
8093,8,train,1
8094,4774,train,1
8095,1631,train,1
8096,8,train,0
8097,4283,train,0
8098,4775,train,0
8099,4776,train,0
8100,8,train,0
8101,2304,train,1
8102,8,train,1
8103,3051,train,1
8104,4777,train,1
8105,4778,train,0
8106,4779,train,1
8107,288,valid,1
8108,4780,train,0
8109,4781,train,0
8110,4782,train,0
8111,336,test,0
8112,8,train,0
8113,4783,valid,1
8114,8,train,1
8115,8,train,1
8116,1512,test,1
8117,4784,train,0
8118,286,valid,0
8119,452,test,0
8120,4785,valid,0
8121,4786,test,1
8122,4787,train,1
8123,288,valid,1
8124,4788,train,1
8125,962,train,1
8126,8,train,1
8127,621,train,0
8128,4789,test,0
8129,4790,train,0
8130,4791,train,0
8131,4792,train,1
8132,8,train,0
8133,8,train,0
8134,288,valid,1
8135,8,train,0
8136,853,train,1
8137,4793,train,0
8138,1644,train,0
8139,4794,train,0
8140,4795,train,0
8141,4796,train,0
8142,4797,train,0
8143,48,train,1
8144,4798,train,1
8145,278,test,0
8146,8,train,0
8147,4799,valid,0
8148,4800,test,0
8149,4489,valid,0
8150,1475,train,0
8151,4801,valid,1
8152,2546,train,1
8153,4802,train,0
8154,4803,train,0
8155,362,train,0
8156,2829,train,1
8157,8,train,0
8158,4804,test,1
8159,463,valid,1
8160,1208,test,0
8161,8,train,1
8162,1811,train,0
8163,4805,train,1
8164,1055,valid,1
8165,4806,train,1
8166,4807,train,0
8167,8,train,0
8168,4808,train,0
8169,4809,train,0
8170,4810,train,1
8171,4811,train,1
8172,2352,train,0
8173,4812,train,0
8174,2410,train,0
8175,4813,train,0
8176,8,train,0
8177,4814,valid,0
8178,4815,train,1
8179,4816,test,0
8180,4817,train,0
8181,4818,train,1
8182,2085,train,1
8183,2228,train,1
8184,8,train,0
8185,4819,train,1
8186,706,train,1
8187,4820,train,0
8188,8,train,0
8189,4821,train,0
8190,553,train,1
8191,2162,test,0
8192,432,train,1
8193,4822,train,1
8194,8,train,0
8195,4823,train,0
8196,4824,train,1
8197,4269,train,1
8198,1264,train,0
8199,250,valid,1
8200,4825,train,0
8201,8,train,0
8202,8,train,0
8203,8,train,0
8204,4826,train,0
8205,4827,train,0
8206,8,train,0
8207,4828,valid,1
8208,8,train,0
8209,8,train,1
8210,8,train,0
8211,184,train,0
8212,1549,valid,0
8213,8,train,1
8214,548,train,0
8215,4829,valid,0
8216,2337,train,0
8217,4830,train,0
8218,250,valid,0
8219,1592,train,0
8220,4831,train,0
8221,4832,test,0
8222,4833,test,1
8223,4834,train,0
8224,122,valid,0
8225,4835,train,0
8226,8,train,1
8227,8,train,1
8228,8,train,1
8229,4836,train,1
8230,4837,train,1
8231,4838,train,1
8232,3001,train,1
8233,1169,train,1
8234,4839,train,0
8235,8,train,0
8236,8,train,0
8237,3,test,1
8238,420,train,0
8239,4840,train,0
8240,1428,train,1
8241,8,train,1
8242,8,train,0
8243,4841,train,0
8244,4842,train,0
8245,8,train,1
8246,4843,valid,0
8247,8,train,0
8248,2351,test,1
8249,4844,test,0
8250,8,train,0
8251,4845,valid,1
8252,2251,train,1
8253,494,test,0
8254,1251,test,0
8255,8,train,1
8256,4846,test,1
8257,560,train,0
8258,4847,train,0
8259,8,train,1
8260,4558,train,1
8261,4848,train,0
8262,4849,train,0
8263,3577,train,0
8264,8,train,0
8265,1693,train,0
8266,2025,valid,0
8267,4850,train,1
8268,4851,train,1
8269,2959,train,0
8270,4852,train,0
8271,4853,train,1
8272,2446,train,1
8273,4854,train,0
8274,4855,train,1
8275,4856,train,1
8276,8,train,0
8277,4857,train,0
8278,8,train,0
8279,8,train,0
8280,4858,valid,1
8281,4859,train,1
8282,4860,train,0
8283,4861,train,1
8284,8,train,0
8285,4862,train,1
8286,4863,train,1
8287,115,test,0
8288,658,train,1
8289,4864,train,0
8290,4865,train,1
8291,2337,train,1
8292,4866,train,1
8293,4867,train,0
8294,4868,train,1
8295,1406,train,1
8296,4869,train,0
8297,8,train,0
8298,4870,train,0
8299,8,train,0
8300,466,train,0
8301,8,train,0
8302,4385,train,0
8303,4871,valid,0
8304,4872,test,0
8305,8,train,1
8306,8,train,0
8307,4873,train,1
8308,2082,train,0
8309,4874,train,1
8310,4875,train,0
8311,3,test,0
8312,4876,train,0
8313,4877,train,0
8314,8,train,0
8315,796,test,1
8316,458,valid,0
8317,4878,train,0
8318,1768,valid,0
8319,4879,valid,1
8320,4880,train,0
8321,1847,train,1
8322,8,train,1
8323,4881,train,0
8324,8,train,0
8325,413,train,0
8326,4658,test,0
8327,4882,valid,0
8328,8,train,0
8329,4883,train,0
8330,4884,test,1
8331,2210,train,1
8332,1033,train,1
8333,335,train,1
8334,4885,test,0
8335,2865,train,0
8336,366,test,1
8337,4886,train,0
8338,8,train,1
8339,4887,train,1
8340,8,train,1
8341,8,train,1
8342,8,train,0
8343,4888,train,0
8344,4889,train,0
8345,4890,train,0
8346,4891,train,1
8347,341,test,1
8348,1806,test,1
8349,8,train,0
8350,4892,valid,0
8351,4893,train,0
8352,4315,valid,0
8353,4894,train,0
8354,4895,train,0
8355,8,train,0
8356,1806,test,1
8357,8,train,0
8358,8,train,1
8359,209,valid,1
8360,4896,train,0
8361,8,train,0
8362,131,valid,1
8363,4711,train,0
8364,2370,test,1
8365,111,test,1
8366,4264,train,0
8367,8,train,0
8368,4595,train,1
8369,8,train,1
8370,147,test,0
8371,1413,train,0
8372,115,test,1
8373,239,test,0
8374,4897,train,0
8375,8,train,0
8376,2114,train,0
8377,3587,train,0
8378,895,train,0
8379,4898,valid,1
8380,4899,test,1
8381,4900,train,1
8382,3780,train,1
8383,8,train,1
8384,992,valid,0
8385,8,train,0
8386,8,train,1
8387,4901,valid,0
8388,8,train,1
8389,8,train,0
8390,97,train,0
8391,4902,train,1
8392,545,valid,0
8393,2303,train,0
8394,4903,test,0
8395,8,train,1
8396,8,train,0
8397,8,train,1
8398,367,test,0
8399,4904,train,0
8400,3456,train,0
8401,4905,train,0
8402,4906,train,0
8403,8,train,0
8404,8,train,1
8405,2626,train,0
8406,4539,train,0
8407,221,train,0
8408,4907,train,1
8409,3694,train,1
8410,4908,train,1
8411,4909,train,1
8412,8,train,0
8413,8,train,1
8414,4892,valid,0
8415,4910,train,0
8416,4911,train,1
8417,4912,train,0
8418,4913,train,1
8419,4888,train,0
8420,4914,train,0
8421,4915,train,0
8422,8,train,1
8423,8,train,1
8424,4916,train,1
8425,4917,train,0
8426,4918,valid,0
8427,8,train,0
8428,3081,train,0
8429,4919,test,0
8430,4920,train,0
8431,4921,train,0
8432,4922,train,0
8433,4923,train,0
8434,4924,train,0
8435,4925,valid,1
8436,401,test,0
8437,4926,train,0
8438,4927,test,1
8439,4928,train,1
8440,2745,train,1
8441,4929,valid,0
8442,726,train,0
8443,4930,train,1
8444,4931,train,1
8445,8,train,0
8446,8,train,0
8447,4932,test,0
8448,4933,train,0
8449,336,test,0
8450,8,train,0
8451,4934,train,0
8452,8,train,1
8453,115,test,1
8454,4935,train,0
8455,3614,train,1
8456,2733,train,0
8457,953,train,1
8458,8,train,1
8459,4936,train,0
8460,4824,train,0
8461,8,train,0
8462,8,train,1
8463,4937,train,0
8464,4938,valid,1
8465,4939,valid,0
8466,354,train,0
8467,8,train,0
8468,85,train,1
8469,4940,train,0
8470,8,train,0
8471,8,train,1
8472,3172,train,0
8473,4941,test,1
8474,4942,test,0
8475,4765,train,0
8476,4943,train,0
8477,4944,train,1
8478,4945,train,1
8479,1984,train,0
8480,8,train,1
8481,4946,train,0
8482,8,train,0
8483,235,test,0
8484,4947,train,0
8485,4948,train,0
8486,82,train,0
8487,4585,train,1
8488,8,train,1
8489,1274,train,0
8490,4949,train,0
8491,4950,train,1
8492,8,train,1
8493,4951,train,1
8494,8,train,0
8495,8,train,1
8496,150,valid,0
8497,4952,train,0
8498,4953,train,0
8499,8,train,0
8500,4954,train,0
8501,2081,valid,1
8502,4955,valid,1
8503,8,train,1
8504,8,train,0
8505,4956,test,1
8506,366,test,0
8507,8,train,0
8508,4957,train,1
8509,8,train,1
8510,4118,train,0
8511,4958,valid,0
8512,4959,test,0
8513,4667,train,0
8514,4960,train,1
8515,4961,train,0
8516,8,train,0
8517,341,test,0
8518,827,train,1
8519,4962,train,0
8520,8,train,1
8521,8,train,1
8522,1251,test,0
8523,3044,train,1
8524,3128,train,1
8525,1323,valid,0
8526,2163,train,1
8527,1498,train,1
8528,8,train,0
8529,184,train,1
8530,4963,train,0
8531,8,train,0
8532,4964,train,0
8533,4965,train,0
8534,1743,train,0
8535,8,train,0
8536,183,test,0
8537,4966,train,0
8538,4967,train,0
8539,4968,train,0
8540,235,test,1
8541,4969,valid,0
8542,8,train,1
8543,4970,test,0
8544,4971,valid,1
8545,1324,valid,1
8546,8,train,0
8547,8,train,0
8548,4972,train,0
8549,8,train,1
8550,4973,test,1
8551,4974,test,1
8552,8,train,0
8553,4299,train,0
8554,8,train,1
8555,4975,train,1
8556,4976,train,0
8557,4977,train,0
8558,4978,train,1
8559,8,train,0
8560,288,valid,0
8561,4979,train,0
8562,4980,train,0
8563,4981,train,1
8564,4982,train,0
8565,2304,train,0
8566,4983,valid,0
8567,8,train,0
8568,4984,test,0
8569,494,test,0
8570,8,train,0
8571,4985,train,0
8572,1223,train,0
8573,8,train,1
8574,8,train,0
8575,4986,train,0
8576,4987,train,0
8577,288,valid,1
8578,4988,train,0
8579,4989,train,0
8580,4990,valid,1
8581,8,train,0
8582,8,train,0
8583,833,valid,0
8584,4991,valid,0
8585,4536,train,0
8586,4928,train,0
8587,8,train,0
8588,8,train,0
8589,4992,train,0
8590,8,train,1
8591,4993,test,1
8592,8,train,0
8593,4994,test,0
8594,4995,train,1
8595,4996,train,1
8596,4997,train,1
8597,4998,train,0
8598,8,train,1
8599,4427,train,0
8600,8,train,1
8601,2076,train,1
8602,4999,train,1
8603,5000,train,1
8604,5001,train,0
8605,5002,train,0
8606,5003,train,1
8607,5004,train,0
8608,8,train,0
8609,8,train,0
8610,2434,train,0
8611,5005,train,0
8612,2783,train,0
8613,8,train,1
8614,1251,test,1
8615,2469,train,0
8616,8,train,0
8617,5006,train,1
8618,5007,train,1
8619,5008,train,1
8620,5009,train,1
8621,8,train,1
8622,5010,train,0
8623,1762,train,1
8624,5011,train,1
8625,5012,train,0
8626,569,train,0
8627,8,train,0
8628,1428,train,0
8629,8,train,0
8630,8,train,1
8631,5013,train,0
8632,1308,train,0
8633,5014,train,0
8634,5015,train,0
8635,8,train,1
8636,5016,train,0
8637,5017,valid,1
8638,115,test,0
8639,5018,valid,0
8640,8,train,1
8641,5019,test,1
8642,5020,train,1
8643,5021,test,0
8644,8,train,1
8645,5022,train,1
8646,5023,train,0
8647,5024,train,0
8648,5025,train,1
8649,5026,train,0
8650,8,train,0
8651,5027,train,1
8652,5028,train,0
8653,1697,train,0
8654,5029,train,1
8655,5030,train,0
8656,5031,train,0
8657,4895,train,0
8658,5032,train,0
8659,5033,train,0
8660,5034,train,1
8661,8,train,0
8662,366,test,0
8663,8,train,1
8664,5035,train,1
8665,1160,valid,1
8666,5036,train,0
8667,8,train,0
8668,4339,test,0
8669,489,train,0
8670,593,train,0
8671,8,train,0
8672,5037,train,1
8673,5038,valid,0
8674,4122,train,1
8675,5039,train,1
8676,5040,test,0
8677,8,train,0
8678,3573,train,0
8679,336,test,0
8680,5041,train,1
8681,5042,train,0
8682,5043,valid,1
8683,8,train,1
8684,8,train,0
8685,8,train,0
8686,5044,train,0
8687,5045,train,0
8688,5046,train,0
8689,48,train,0
8690,1453,train,0
8691,5047,train,0
8692,243,train,0
8693,219,train,1
8694,8,train,0
8695,8,train,1
8696,3309,train,0
8697,5048,train,0
8698,8,train,0
8699,5049,valid,0
8700,395,train,1
8701,5050,train,0
8702,5051,train,0
8703,5052,train,0
8704,5053,test,1
8705,5054,test,0
8706,8,train,0
8707,5055,train,1
8708,1274,train,1
8709,8,train,1
8710,5056,train,0
8711,2089,train,1
8712,8,train,1
8713,924,train,0
8714,115,test,0
8715,5057,train,1
8716,5058,train,0
8717,2064,test,1
8718,5059,train,0
8719,8,train,0
8720,8,train,0
8721,8,train,0
8722,362,train,0
8723,8,train,0
8724,4667,train,0
8725,5060,valid,1
8726,158,train,1
8727,5061,test,1
8728,1366,train,1
8729,5062,valid,0
8730,8,train,1
8731,5063,test,0
8732,5064,train,0
8733,8,train,1
8734,1757,test,1
8735,5065,train,0
8736,1401,train,0
8737,5066,train,1
8738,8,train,0
8739,5067,train,1
8740,8,train,0
8741,5068,train,1
8742,1130,train,0
8743,5069,train,0
8744,8,train,0
8745,5070,train,0
8746,8,train,1
8747,1074,train,1
8748,5071,train,1
8749,5072,train,0
8750,5073,train,0
8751,8,train,1
8752,1994,valid,0
8753,5074,train,0
8754,1677,train,0
8755,5075,train,0
8756,8,train,1
8757,5076,train,1
8758,5077,train,1
8759,8,train,1
8760,5078,train,1
8761,1984,train,1
8762,5079,train,0
8763,8,train,0
8764,123,train,0
8765,1549,valid,0
8766,5080,train,0
8767,5081,train,0
8768,5082,valid,1
8769,5083,valid,0
8770,5084,test,0
8771,5085,train,0
8772,1316,train,1
8773,8,train,0
8774,5075,train,1
8775,5086,train,0
8776,8,train,1
8777,1858,train,0
8778,5087,train,0
8779,8,train,0
8780,8,train,0
8781,5088,train,0
8782,5089,test,1
8783,1994,valid,0
8784,5090,train,0
8785,209,valid,0
8786,5091,train,1
8787,8,train,1
8788,5092,train,1
8789,8,train,0
8790,8,train,1
8791,8,train,1
8792,4582,train,0
8793,5093,train,1
8794,8,train,0
8795,8,train,1
8796,5094,train,0
8797,1849,train,0
8798,318,train,0
8799,5095,train,1
8800,5096,train,0
8801,8,train,0
8802,4973,test,1
8803,3172,train,0
8804,5097,valid,0
8805,5098,train,1
8806,4225,train,1
8807,833,valid,0
8808,8,train,0
8809,5099,test,0
8810,5100,train,0
8811,3414,train,1
8812,1160,valid,0
8813,5101,train,0
8814,8,train,1
8815,8,train,1
8816,5102,valid,1
8817,543,train,0
8818,8,train,0
8819,8,train,0
8820,471,train,1
8821,8,train,1
8822,746,train,1
8823,5103,test,1
8824,1041,train,1
8825,5104,train,1
8826,8,train,0
8827,8,train,1
8828,5105,train,0
8829,5106,train,0
8830,1973,train,1
8831,5107,train,0
8832,5108,train,1
8833,4420,train,1
8834,1251,test,1
8835,5109,train,0
8836,5110,train,1
8837,8,train,1
8838,8,train,0
8839,262,valid,0
8840,3477,train,1
8841,5111,valid,0
8842,8,train,0
8843,5112,train,1
8844,5113,train,1
8845,3897,train,0
8846,5114,train,0
8847,238,valid,0
8848,5115,train,1
8849,115,test,0
8850,5116,test,0
8851,8,train,1
8852,8,train,0
8853,5117,train,0
8854,5118,train,0
8855,5119,train,1
8856,8,train,0
8857,4119,train,0
8858,5120,train,0
8859,8,train,1
8860,5121,train,0
8861,8,train,0
8862,5122,train,0
8863,5123,train,1
8864,5124,train,1
8865,5125,train,0
8866,5126,train,1
8867,5127,train,0
8868,5128,train,0
8869,5129,train,0
8870,8,train,1
8871,8,train,0
8872,5130,valid,1
8873,8,train,0
8874,5131,valid,0
8875,3288,train,0
8876,8,train,0
8877,5132,test,1
8878,5133,train,1
8879,5134,test,0
8880,8,train,0
8881,2895,train,0
8882,8,train,0
8883,5135,train,0
8884,5136,train,1
8885,2575,valid,1
8886,5137,train,0
8887,3359,train,1
8888,5138,train,1
8889,8,train,0
8890,5139,train,1
8891,5140,train,0
8892,3187,train,0
8893,1298,train,0
8894,8,train,1
8895,8,train,0
8896,5141,train,1
8897,5142,train,1
8898,3150,train,1
8899,8,train,1
8900,5143,train,1
8901,5144,train,1
8902,406,train,0
8903,8,train,0
8904,5145,train,0
8905,5146,train,0
8906,8,train,0
8907,3547,train,1
8908,5147,train,0
8909,5148,train,0
8910,8,train,1
8911,706,train,0
8912,1527,train,1
8913,2013,train,1
8914,8,train,1
8915,5149,train,0
8916,5150,train,1
8917,5151,train,1
8918,5016,train,1
8919,1871,train,1
8920,5152,train,1
8921,3375,train,0
8922,5153,train,1
8923,8,train,0
8924,5154,train,0
8925,5155,train,1
8926,49,valid,0
8927,566,valid,0
8928,5156,train,0
8929,2272,train,0
8930,5157,train,0
8931,5158,train,1
8932,5159,valid,0
8933,2062,train,1
8934,5160,test,0
8935,209,valid,1
8936,5161,valid,1
8937,5162,train,0
8938,5163,train,0
8939,4966,train,1
8940,8,train,0
8941,5164,test,1
8942,8,train,0
8943,8,train,1
8944,518,train,0
8945,512,test,0
8946,2685,train,1
8947,8,train,1
8948,5165,train,0
8949,5166,train,0
8950,8,train,1
8951,8,train,0
8952,5167,train,1
8953,8,train,0
8954,3039,test,0
8955,8,train,0
8956,5168,train,1
8957,5169,train,0
8958,8,train,0
8959,566,valid,1
8960,1808,valid,0
8961,5170,train,0
8962,2791,train,0
8963,8,train,0
8964,2991,train,1
8965,5171,train,1
8966,1595,train,1
8967,412,train,1
8968,5172,valid,0
8969,5173,test,0
8970,5174,train,0
8971,99,test,0
8972,8,train,0
8973,867,train,0
8974,5175,train,1
8975,5176,train,0
8976,5177,train,0
8977,2450,train,0
8978,5178,train,0
8979,74,train,0
8980,8,train,0
8981,8,train,0
8982,8,train,0
8983,5179,valid,1
8984,5180,test,1
8985,5181,train,0
8986,8,train,0
8987,3431,train,0
8988,4249,train,0
8989,8,train,0
8990,5182,train,0
8991,5183,train,1
8992,2645,train,0
8993,1862,train,1
8994,8,train,0
8995,8,train,1
8996,3363,train,1
8997,1112,train,0
8998,5184,valid,0
8999,5185,test,0
9000,112,test,0
9001,3132,train,1
9002,333,train,0
9003,8,train,0
9004,1990,train,1
9005,8,train,1
9006,5186,train,0
9007,5187,train,1
9008,5188,train,1
9009,4596,train,0
9010,2547,train,1
9011,8,train,1
9012,5189,train,0
9013,1276,train,0
9014,5190,train,0
9015,4385,train,0
9016,8,train,0
9017,8,train,0
9018,2073,train,1
9019,78,valid,0
9020,285,train,0
9021,5191,train,1
9022,4073,train,1
9023,5192,train,1
9024,1769,train,0
9025,5193,train,1
9026,952,test,1
9027,8,train,0
9028,3109,train,0
9029,5194,train,1
9030,8,train,0
9031,5195,train,0
9032,5196,train,1
9033,5197,train,1
9034,5198,train,1
9035,78,valid,0
9036,115,test,0
9037,5199,train,1
9038,962,train,1
9039,4134,train,0
9040,5200,train,0
9041,250,valid,1
9042,5201,train,0
9043,5202,train,0
9044,5203,train,1
9045,5204,train,0
9046,8,train,0
9047,175,valid,1
9048,5205,train,0
9049,5206,train,1
9050,5207,train,0
9051,4784,train,1
9052,5208,train,1
9053,1397,train,1
9054,8,train,1
9055,8,train,1
9056,5209,train,1
9057,5210,train,0
9058,5211,train,1
9059,286,valid,0
9060,5212,train,0
9061,5213,valid,1
9062,8,train,0
9063,3712,train,1
9064,1024,train,0
9065,5214,test,1
9066,2210,train,1
9067,678,train,0
9068,8,train,1
9069,4860,train,1
9070,5215,valid,0
9071,4858,valid,1
9072,8,train,1
9073,5216,train,1
9074,1356,train,1
9075,8,train,1
9076,8,train,0
9077,5217,test,0
9078,5218,train,0
9079,5219,train,0
9080,5220,train,1
9081,5221,train,1
9082,5222,train,0
9083,5223,train,1
9084,5224,train,1
9085,5225,train,1
9086,5226,train,1
9087,5227,train,1
9088,5228,train,0
9089,5229,train,0
9090,5230,train,0
9091,5231,train,1
9092,5232,train,1
9093,5233,train,1
9094,5234,train,1
9095,5235,train,1
9096,5236,train,0
9097,5237,train,0
9098,5238,train,0
9099,5239,train,1
9100,5240,train,0
9101,5241,train,1
9102,5242,train,1
9103,5243,train,0
9104,5244,train,0
9105,5245,train,1
9106,5246,train,0
9107,5247,valid,0
9108,5248,valid,1
9109,5249,test,0
9110,5250,train,0
9111,5251,test,1
9112,5252,train,0
9113,5253,train,0
9114,5254,train,1
9115,5255,train,1
9116,5256,train,0
9117,5257,train,1
9118,5258,train,1
9119,5259,train,0
9120,5260,train,0
9121,5261,train,1
9122,5262,train,1
9123,5263,train,1
9124,5264,train,0
9125,5265,valid,0
9126,5266,test,0
9127,5267,train,0
9128,5268,train,0
9129,5269,train,0
9130,5270,train,1
9131,5271,train,0
9132,5272,train,1
9133,5273,train,0
9134,5274,train,0
9135,5275,train,0
9136,5276,train,0
9137,5277,valid,1
9138,5278,valid,0
9139,5279,test,1
9140,5280,train,1
9141,5281,train,1
9142,5282,train,1
9143,5283,test,0
9144,5284,train,0
9145,5285,train,0
9146,5286,train,1
9147,5287,train,0
9148,5288,train,0
9149,5289,train,0
9150,5290,train,1
9151,5291,train,1
9152,5292,train,1
9153,5293,train,0
9154,5294,train,0
9155,5295,train,0
9156,5296,train,1
9157,5297,train,0
9158,5298,valid,0
9159,5299,valid,1
9160,5300,test,0
9161,5301,train,0
9162,5302,train,0
9163,5303,train,0
9164,5304,train,0
9165,5305,train,0
9166,5306,test,1
9167,5307,valid,0
9168,5308,test,0
9169,5309,train,0
9170,5310,train,1
9171,5311,train,1
9172,5312,train,1
9173,5313,train,0
9174,5314,train,0
9175,5315,valid,1
9176,5316,train,0
9177,5317,train,0
9178,5318,test,1
9179,5319,train,0
9180,5320,train,1
9181,5321,train,0
9182,5322,train,1
9183,5323,valid,0
9184,5324,train,1
9185,5325,train,1
9186,5326,train,0
9187,5327,test,0
9188,5328,train,1
9189,5329,train,1
9190,5330,train,0
9191,5331,train,1
9192,5332,train,1
9193,5333,train,0
9194,5334,train,1
9195,5335,train,0
9196,5336,train,1
9197,5337,train,0
9198,5338,train,1
9199,5339,train,1
9200,5340,train,1
9201,5341,train,0
9202,5342,train,0
9203,5343,train,0
9204,5344,train,1
9205,5345,train,0
9206,5346,train,0
9207,5347,train,0
9208,5348,valid,1
9209,5349,valid,0
9210,5350,train,0
9211,5351,test,0
9212,5352,train,0
9213,5353,train,0
9214,5354,test,1
9215,5355,train,0
9216,5356,train,0
9217,5357,train,1
9218,5358,train,0
9219,5359,train,0
9220,5360,valid,0
9221,5361,valid,1
9222,5362,test,0
9223,5363,test,1
9224,5364,train,0
9225,5365,train,0
9226,5366,train,1
9227,5367,train,1
9228,5368,train,1
9229,5369,train,1
9230,5370,train,0
9231,5371,train,0
9232,5372,train,0
9233,5373,train,0
9234,5374,valid,0
9235,5375,train,1
9236,5376,train,0
9237,5377,train,1
9238,5378,train,1
9239,5379,train,1
9240,5380,train,0
9241,5381,test,0
9242,5382,train,0
9243,5383,train,0
9244,5384,train,0
9245,5385,valid,1
9246,5386,test,1
9247,5387,train,1
9248,5388,train,0
9249,5389,train,0
9250,5390,train,1
9251,5391,train,0
9252,5392,train,1
9253,5393,valid,0
9254,5394,train,1
9255,5395,test,0
9256,5396,train,0
9257,5397,train,1
9258,5398,train,0
9259,5399,train,1
9260,5400,train,1
9261,5401,train,0
9262,5402,train,0
9263,5403,train,1
9264,5404,train,1
9265,5405,train,1
9266,5406,train,0
9267,5407,train,1
9268,5408,train,0
9269,5409,train,1
9270,5410,train,1
9271,5411,train,1
9272,5412,train,0
9273,5413,train,0
9274,5414,train,0
9275,5415,train,0
9276,5416,train,0
9277,5417,train,0
9278,5418,valid,1
9279,5419,valid,0
9280,5420,test,1
9281,5421,test,0
9282,5422,train,1
9283,5423,train,1
9284,5424,train,1
9285,5425,train,0
9286,5426,train,0
9287,5427,train,1
9288,5428,train,0
9289,5429,train,0
9290,5430,train,0
9291,5431,train,1
9292,5432,train,1
9293,5433,train,1
9294,5434,train,0
9295,5435,train,1
9296,5436,train,1
9297,5437,train,0
9298,5438,train,0
9299,5439,valid,0
9300,5440,test,0
9301,5441,train,1
9302,5442,train,1
9303,5443,train,0
9304,5444,train,0
9305,5445,valid,1
9306,5446,train,0
9307,5447,test,1
9308,5448,train,0
9309,5449,train,1
9310,5450,train,0
9311,5451,train,1
9312,5452,train,0
9313,5453,train,0
9314,5454,train,1
9315,5455,train,1
9316,5456,train,0
9317,5457,valid,0
9318,5458,test,0
9319,5459,train,1
9320,5460,train,1
9321,5461,train,1
9322,5462,train,0
9323,5463,train,1
9324,5464,train,1
9325,5465,train,0
9326,5466,train,1
9327,5467,train,1
9328,5468,train,0
9329,5469,train,0
9330,5470,train,1
9331,5471,train,0
9332,5472,train,0
9333,5473,valid,1
9334,5474,train,0
9335,5475,train,0
9336,5476,valid,0
9337,5477,train,0
9338,5478,train,0
9339,5479,test,1
9340,5480,test,0
9341,5481,train,1
9342,5482,train,0
9343,5483,train,1
9344,5484,train,0
9345,5485,train,0
9346,5486,train,1
9347,5487,train,0
9348,5488,train,0
9349,5489,train,0
9350,5490,valid,1
9351,5491,valid,0
9352,5492,test,1
9353,5493,test,0
9354,5494,train,0
9355,5495,train,0
9356,5496,train,1
9357,5497,train,0
9358,5498,train,0
9359,5499,train,1
9360,5500,train,0
9361,5501,train,0
9362,5502,train,0
9363,5503,valid,0
9364,5504,test,0
9365,5505,train,0
9366,5506,train,0
9367,5507,train,0
9368,5508,valid,1
9369,5509,train,0
9370,5510,test,1
9371,5511,train,1
9372,5512,train,0
9373,5513,valid,0
9374,5514,test,0
9375,5515,train,1
9376,5516,train,0
9377,5517,train,0
9378,5518,train,1
9379,5519,train,0
9380,5520,train,1
9381,5521,train,0
9382,5522,train,1
9383,5523,train,0
9384,5524,train,0
9385,5525,train,0
9386,5526,train,0
9387,5527,train,0
9388,5528,train,0
9389,5529,valid,0
9390,5530,test,0
9391,5531,train,0
9392,5532,valid,1
9393,5533,test,1
9394,5534,train,0
9395,5535,train,1
9396,5536,train,0
9397,5537,train,1
9398,5538,train,1
9399,5539,train,1
9400,5540,train,0
9401,5541,train,0
9402,5542,train,0
9403,5543,valid,0
9404,5544,test,0
9405,5545,train,0
9406,5546,train,0
9407,5547,valid,1
9408,5548,test,1
9409,5549,train,0
9410,5550,train,1
9411,5551,train,0
9412,5552,train,0
9413,5553,train,0
9414,5554,valid,0
9415,5555,test,0
9416,5556,train,1
9417,5557,train,0
9418,5558,train,0
9419,5559,train,0
9420,5560,valid,1
9421,5561,test,1
9422,5562,train,0
9423,5563,train,0
9424,5564,valid,0
9425,5565,test,0
9426,5566,train,1
9427,5567,train,0
9428,5568,train,0
9429,5569,train,0
9430,5570,train,0
9431,5571,train,0
9432,5572,train,0
9433,5573,train,0
9434,5574,valid,1
9435,5575,valid,0
9436,5576,test,1
9437,5577,test,0
9438,5578,train,0
9439,5579,train,0
9440,5580,train,0
9441,5581,train,0
9442,5582,train,1
9443,5583,train,1
9444,5584,train,0
9445,5585,train,0
9446,5586,train,1
9447,5587,train,1
9448,5588,train,0
9449,5589,train,0
9450,5590,valid,0
9451,5591,test,0
9452,5592,valid,1
9453,5593,test,1
9454,5594,train,1
9455,5595,train,0
9456,5596,train,0
9457,5597,train,1
9458,5598,train,0
9459,5599,train,0
9460,5600,train,0
9461,5601,train,0
9462,5602,valid,0
9463,5603,test,0
9464,5604,train,0
9465,5605,train,0
9466,5606,train,0
9467,5607,train,0
9468,5608,train,0
9469,5609,train,0
9470,5610,train,0
9471,5611,valid,1
9472,5612,valid,0
9473,5613,train,0
9474,5614,test,0
9475,5615,test,1
9476,5616,train,0
9477,5617,train,1
9478,5618,train,1
9479,5619,train,0
9480,5620,train,0
9481,5621,train,1
9482,5622,train,0
9483,5623,train,0
9484,5624,train,1
9485,5625,train,1
9486,5626,train,1
9487,5627,train,1
9488,5628,train,0
9489,5629,train,1
9490,5630,train,1
9491,5631,train,1
9492,5632,train,0
9493,5633,train,1
9494,5634,train,1
9495,5635,train,0
9496,5636,train,0
9497,5637,valid,0
9498,5638,test,0
9499,5639,train,0
9500,5640,train,0
9501,5641,train,0
9502,5642,valid,1
9503,5643,train,0
9504,5644,train,0
9505,5645,valid,0
9506,5646,test,1
9507,5647,test,0
9508,5648,train,0
9509,5649,train,1
9510,5650,train,1
9511,5651,train,0
9512,5652,train,0
9513,5653,train,0
9514,5654,valid,1
9515,5655,test,1
9516,5656,train,0
9517,5657,train,0
9518,5658,valid,0
9519,5659,train,1
9520,5660,train,1
9521,5661,train,1
9522,5662,train,0
9523,5663,train,1
9524,5664,train,1
9525,5665,train,0
9526,5666,test,0
9527,5667,train,1
9528,5668,train,0
9529,5669,train,0
9530,5670,train,0
9531,5671,train,1
9532,5672,train,1
9533,5673,train,1
9534,5674,train,1
9535,5675,train,1
9536,5676,train,0
9537,5677,train,1
9538,5678,train,1
9539,5679,train,1
9540,5680,train,1
9541,5681,train,1
9542,5682,train,1
9543,5683,train,1
9544,5684,train,0
9545,5685,train,1
9546,5686,train,0
9547,5687,train,0
9548,5688,train,0
9549,5689,train,0
9550,5690,train,1
9551,5691,train,1
9552,5692,train,1
9553,5693,train,1
9554,5694,train,0
9555,5695,train,1
9556,5696,train,1
9557,5697,train,0
9558,5698,train,0
9559,5699,valid,1
9560,5700,valid,0
9561,5701,train,0
9562,5702,train,0
9563,5703,test,1
9564,5704,test,0
9565,5705,train,0
9566,5706,train,1
9567,5707,train,1
9568,5708,train,1
9569,5709,train,0
9570,5710,train,0
9571,5711,train,0
9572,5712,train,1
9573,5713,train,1
9574,5714,train,1
9575,5715,train,1
9576,5716,train,0
9577,5717,train,0
9578,5718,train,1
9579,5719,train,0
9580,5720,train,1
9581,5721,train,0
9582,5722,train,1
9583,5723,train,1
9584,5724,train,0
9585,5725,train,1
9586,5726,train,0
9587,5727,train,1
9588,5728,train,0
9589,5729,valid,0
9590,5730,valid,1
9591,5731,train,1
9592,5732,train,1
9593,5733,train,1
9594,5734,train,1
9595,5735,train,0
9596,5736,train,1
9597,5737,train,0
9598,5738,test,0
9599,5739,test,1
9600,5740,train,0
9601,5741,train,1
9602,5742,train,1
9603,5743,train,1
9604,5744,train,0
9605,5745,train,0
9606,5746,train,1
9607,5747,train,0
9608,5748,train,0
9609,5749,train,1
9610,5750,train,1
9611,5751,train,0
9612,5752,train,1
9613,5753,train,1
9614,5754,train,0
9615,5755,train,1
9616,5756,train,1
9617,5757,train,1
9618,5758,train,0
9619,5759,train,1
9620,5760,train,0
9621,5761,train,1
9622,5762,train,1
9623,5763,train,0
9624,5764,valid,0
9625,5765,train,1
9626,5766,test,0
9627,5767,train,1
9628,5768,train,1
9629,5769,train,1
9630,5770,train,0
9631,5771,train,1
9632,5772,train,0
9633,5773,train,0
9634,5774,train,0
9635,5775,valid,1
9636,5776,train,0
9637,5777,test,1
9638,5778,train,1
9639,5779,train,0
9640,5780,train,0
9641,5781,train,1
9642,5782,train,0
9643,5783,train,1
9644,5784,valid,0
9645,5785,train,1
9646,5786,train,1
9647,5787,train,0
9648,5788,train,1
9649,5789,test,0
9650,5790,train,0
9651,5791,train,1
9652,5792,train,1
9653,5793,train,1
9654,5794,train,0
9655,5795,train,0
9656,5796,train,1
9657,5797,train,1
9658,5798,train,1
9659,5799,train,0
9660,5800,train,0
9661,5801,train,1
9662,5802,train,1
9663,5803,train,1
9664,5804,train,0
9665,5805,train,0
9666,5806,train,0
9667,5807,train,0
9668,5808,valid,1
9669,5809,test,1
9670,5810,train,1
9671,5811,valid,0
9672,5812,train,1
9673,5813,train,1
9674,5814,test,0
9675,5815,train,1
9676,5816,train,1
9677,5817,train,1
9678,5818,train,0
9679,5819,train,0
9680,5820,train,1
9681,5821,train,1
9682,5822,train,1
9683,5823,train,1
9684,5824,train,1
9685,5825,train,1
9686,5826,train,1
9687,5827,train,1
9688,5828,valid,1
9689,5829,test,1
9690,5830,valid,0
9691,5831,test,0
9692,5832,train,0
9693,5833,train,0
9694,5834,train,1
9695,5835,train,1
9696,5836,train,0
9697,5837,train,0
9698,5838,train,0
9699,5839,train,1
9700,5840,train,0
9701,5841,train,0
9702,5842,train,0
9703,5843,train,1
9704,5844,train,1
9705,5845,train,1
9706,5846,train,1
9707,5847,valid,0
9708,5848,valid,1
9709,5849,train,1
9710,5850,test,0
9711,5851,train,0
9712,5852,train,0
9713,5853,train,0
9714,5854,test,1
9715,5855,train,0
9716,5856,train,0
9717,5857,train,0
9718,5858,train,0
9719,5859,train,0
9720,5860,train,0
9721,5861,train,1
9722,5862,train,1
9723,5863,train,0
9724,5864,train,1
9725,5865,train,1
9726,5866,valid,0
9727,5867,train,1
9728,5868,test,0
9729,5869,train,0
9730,5870,train,0
9731,5871,train,0
9732,5872,train,0
9733,5873,train,1
9734,5874,train,1
9735,5875,train,0
9736,5876,valid,1
9737,5877,train,0
9738,5878,train,1
9739,5879,valid,0
9740,5880,train,0
9741,5881,test,1
9742,5882,train,1
9743,5883,test,0
9744,5884,train,0
9745,5885,train,1
9746,5886,train,0
9747,5887,train,0
9748,5888,train,1
9749,5889,train,1
9750,5890,train,1
9751,5891,train,1
9752,5892,train,0
9753,5893,train,1
9754,5894,valid,0
9755,5895,test,0
9756,5896,train,0
9757,5897,train,0
9758,5898,valid,1
9759,5899,train,0
9760,5900,train,0
9761,5901,train,0
9762,5902,train,0
9763,5903,train,0
9764,5904,train,0
9765,5905,test,1
9766,5906,train,0
9767,5907,train,1
9768,5908,train,0
9769,5909,train,0
9770,5910,train,1
9771,5911,train,0
9772,5912,train,0
9773,5913,train,0
9774,5914,train,0
9775,5915,train,0
9776,5916,train,1
9777,5917,train,1
9778,5918,train,0
9779,5919,train,1
9780,5920,train,0
9781,5921,train,1
9782,5922,train,0
9783,5923,train,1
9784,5924,train,1
9785,5925,train,1
9786,5926,valid,0
9787,5927,valid,1
9788,5928,test,0
9789,5929,train,0
9790,5930,train,0
9791,5931,test,1
9792,5932,train,0
9793,5933,train,1
9794,5934,train,1
9795,5935,train,0
9796,5936,train,0
9797,5937,train,0
9798,5938,train,1
9799,5939,valid,0
9800,5940,test,0
9801,5941,train,0
9802,5942,train,0
9803,5943,train,1
9804,5944,train,1
9805,5945,train,1
9806,5946,train,0
9807,5947,train,1
9808,5948,train,0
9809,5949,train,0
9810,5950,train,1
9811,5951,train,0
9812,5952,train,0
9813,5953,train,0
9814,5954,train,1
9815,5955,valid,1
9816,5956,test,1
9817,5957,train,1
9818,5958,train,1
9819,5959,valid,0
9820,5960,train,1
9821,5961,test,0
9822,5962,train,1
9823,5963,train,1
9824,5964,train,1
9825,5965,valid,0
9826,5966,valid,1
9827,5967,test,0
9828,5968,train,0
9829,5969,test,1
9830,5970,train,0
9831,5971,train,1
9832,5972,train,0
9833,5973,train,0
9834,5974,train,1
9835,5975,train,1
9836,5976,train,1
9837,5977,valid,0
9838,5978,train,1
9839,5979,test,0
9840,5980,train,1
9841,5981,valid,1
9842,5982,train,0
9843,5983,train,0
9844,5984,train,0
9845,5985,test,1
9846,5986,train,0
9847,5987,train,1
9848,5988,train,0
9849,5989,train,0
9850,5990,train,1
9851,5991,train,0
9852,5992,train,1
9853,5993,valid,0
9854,5994,train,1
9855,5995,test,0
9856,5996,train,0
9857,5997,train,0
9858,5998,train,0
9859,5999,train,0
9860,6000,train,0
9861,6001,train,1
9862,6002,train,1
9863,6003,train,1
9864,6004,train,0
9865,6005,train,1
9866,6006,train,0
9867,6007,train,1
9868,6008,train,0
9869,6009,train,0
9870,6010,train,0
9871,6011,train,1
9872,6012,valid,1
9873,6013,valid,0
9874,6014,train,0
9875,6015,train,0
9876,6016,test,1
9877,6017,test,0
9878,6018,train,0
9879,6019,train,1
9880,6020,train,0
9881,6021,train,0
9882,6022,train,1
9883,6023,train,0
9884,6024,train,0
9885,6025,train,1
9886,6026,train,0
9887,6027,train,0
9888,6028,train,0
9889,6029,train,1
9890,6030,train,0
9891,6031,train,0
9892,6032,train,0
9893,6033,train,0
9894,6034,train,1
9895,6035,train,1
9896,6036,train,1
9897,6037,valid,0
9898,6038,test,0
9899,6039,valid,1
9900,6040,test,1
9901,6041,train,1
9902,6042,train,0
9903,6043,train,1
9904,6044,train,0
9905,6045,train,0
9906,6046,train,0
9907,6047,train,1
9908,6048,train,0
9909,6049,train,0
9910,6050,train,1
9911,6051,train,1
9912,6052,train,1
9913,6053,valid,0
9914,6054,test,0
9915,6055,train,1
9916,6056,train,0
9917,6057,train,0
9918,6058,train,0
9919,6059,train,1
9920,6060,valid,1
9921,6061,train,0
9922,6062,train,0
9923,6063,train,0
9924,6064,train,0
9925,6065,train,1
9926,6066,test,1
9927,6067,train,1
9928,6068,valid,0
9929,6069,test,0
9930,6070,train,0
9931,6071,train,1
9932,6072,train,1
9933,6073,train,0
9934,6074,train,1
9935,6075,train,1
9936,6076,train,1
9937,6077,train,1
9938,6078,valid,0
9939,6079,valid,1
9940,6080,test,1
9941,6081,train,1
9942,6082,test,0
9943,6083,train,1
9944,6084,train,0
9945,6085,train,1
9946,6086,train,1
9947,6087,valid,0
9948,6088,train,1
9949,6089,test,0
9950,6090,train,0
9951,6091,train,0
9952,6092,train,0
9953,6093,train,0
9954,6094,train,0
9955,6095,train,0
9956,6096,train,1
9957,6097,train,0
9958,6098,valid,1
9959,6099,train,0
9960,6100,train,1
9961,6101,test,1
9962,6102,train,0
9963,6103,train,0
9964,6104,train,0
9965,6105,train,0
9966,6106,train,1
9967,6107,train,0
9968,6108,train,1
9969,6109,train,0
9970,6110,train,0
9971,6111,train,1
9972,6112,train,0
9973,6113,train,0
9974,6114,train,0
9975,6115,train,0
9976,6116,train,0
9977,6117,train,0
9978,6118,train,0
9979,6119,train,0
9980,6120,train,0
9981,6121,train,0
9982,6122,train,1
9983,6123,train,0
9984,6124,train,1
9985,6125,train,1
9986,6126,valid,0
9987,6127,test,0
9988,6128,train,0
9989,6129,train,0
9990,6130,train,1
9991,6131,train,0
9992,6132,train,0
9993,6133,train,1
9994,6134,train,0
9995,6135,train,0
9996,6136,train,0
9997,6137,train,1
9998,6138,train,0
9999,6139,train,0
